Analysis & Synthesis report for HardCodedVga
Wed Dec  3 13:42:23 2025
Quartus Prime Version 23.1std.1 Build 993 05/14/2024 SC Lite Edition


---------------------
; Table of Contents ;
---------------------
  1. Legal Notice
  2. Analysis & Synthesis Summary
  3. Analysis & Synthesis Settings
  4. Parallel Compilation
  5. Analysis & Synthesis Source Files Read
  6. Analysis & Synthesis Resource Usage Summary
  7. Analysis & Synthesis Resource Utilization by Entity
  8. Analysis & Synthesis RAM Summary
  9. Analysis & Synthesis DSP Block Usage Summary
 10. State Machine - |cpu|generalFSM:fsm|state
 11. User-Specified and Inferred Latches
 12. Registers Removed During Synthesis
 13. General Register Statistics
 14. Registers Added for RAM Pass-Through Logic
 15. Registers Packed Into Inferred Megafunctions
 16. Multiplexer Restructuring Statistics (Restructuring Performed)
 17. Source assignments for true_dual_port_ram_single_clock:memory|altsyncram:ram_rtl_0|altsyncram_phq1:auto_generated
 18. Parameter Settings for User Entity Instance: generalFSM:fsm
 19. Parameter Settings for User Entity Instance: alu:alu
 20. Parameter Settings for User Entity Instance: true_dual_port_ram_single_clock:memory
 21. Parameter Settings for Inferred Entity Instance: true_dual_port_ram_single_clock:memory|altsyncram:ram_rtl_0
 22. altsyncram Parameter Settings by Entity Instance
 23. Port Connectivity Checks: "true_dual_port_ram_single_clock:memory"
 24. Post-Synthesis Netlist Statistics for Top Partition
 25. Elapsed Time Per Partition
 26. Analysis & Synthesis Messages
 27. Analysis & Synthesis Suppressed Messages



----------------
; Legal Notice ;
----------------
Copyright (C) 2024  Intel Corporation. All rights reserved.
Your use of Intel Corporation's design tools, logic functions 
and other software and tools, and any partner logic 
functions, and any output files from any of the foregoing 
(including device programming or simulation files), and any 
associated documentation or information are expressly subject 
to the terms and conditions of the Intel Program License 
Subscription Agreement, the Intel Quartus Prime License Agreement,
the Intel FPGA IP License Agreement, or other applicable license
agreement, including, without limitation, that your use is for
the sole purpose of programming logic devices manufactured by
Intel and sold by Intel or its authorized distributors.  Please
refer to the applicable agreement for further details, at
https://fpgasoftware.intel.com/eula.



+----------------------------------------------------------------------------------+
; Analysis & Synthesis Summary                                                     ;
+---------------------------------+------------------------------------------------+
; Analysis & Synthesis Status     ; Successful - Wed Dec  3 13:42:23 2025          ;
; Quartus Prime Version           ; 23.1std.1 Build 993 05/14/2024 SC Lite Edition ;
; Revision Name                   ; HardCodedVga                                   ;
; Top-level Entity Name           ; cpu                                            ;
; Family                          ; Cyclone V                                      ;
; Logic utilization (in ALMs)     ; N/A                                            ;
; Total registers                 ; 303                                            ;
; Total pins                      ; 41                                             ;
; Total virtual pins              ; 0                                              ;
; Total block memory bits         ; 1,048,576                                      ;
; Total DSP Blocks                ; 1                                              ;
; Total HSSI RX PCSs              ; 0                                              ;
; Total HSSI PMA RX Deserializers ; 0                                              ;
; Total HSSI TX PCSs              ; 0                                              ;
; Total HSSI PMA TX Serializers   ; 0                                              ;
; Total PLLs                      ; 0                                              ;
; Total DLLs                      ; 0                                              ;
+---------------------------------+------------------------------------------------+


+---------------------------------------------------------------------------------------------------------------------------+
; Analysis & Synthesis Settings                                                                                             ;
+---------------------------------------------------------------------------------+--------------------+--------------------+
; Option                                                                          ; Setting            ; Default Value      ;
+---------------------------------------------------------------------------------+--------------------+--------------------+
; Device                                                                          ; 5CSEMA5F31C6       ;                    ;
; Top-level entity name                                                           ; cpu                ; HardCodedVga       ;
; Family name                                                                     ; Cyclone V          ; Cyclone V          ;
; Use smart compilation                                                           ; Off                ; Off                ;
; Enable parallel Assembler and Timing Analyzer during compilation                ; On                 ; On                 ;
; Enable compact report table                                                     ; Off                ; Off                ;
; Restructure Multiplexers                                                        ; Auto               ; Auto               ;
; MLAB Add Timing Constraints For Mixed-Port Feed-Through Mode Setting Don't Care ; Off                ; Off                ;
; Create Debugging Nodes for IP Cores                                             ; Off                ; Off                ;
; Preserve fewer node names                                                       ; On                 ; On                 ;
; Intel FPGA IP Evaluation Mode                                                   ; Enable             ; Enable             ;
; Verilog Version                                                                 ; Verilog_2001       ; Verilog_2001       ;
; VHDL Version                                                                    ; VHDL_1993          ; VHDL_1993          ;
; State Machine Processing                                                        ; Auto               ; Auto               ;
; Safe State Machine                                                              ; Off                ; Off                ;
; Extract Verilog State Machines                                                  ; On                 ; On                 ;
; Extract VHDL State Machines                                                     ; On                 ; On                 ;
; Ignore Verilog initial constructs                                               ; Off                ; Off                ;
; Iteration limit for constant Verilog loops                                      ; 5000               ; 5000               ;
; Iteration limit for non-constant Verilog loops                                  ; 250                ; 250                ;
; Add Pass-Through Logic to Inferred RAMs                                         ; On                 ; On                 ;
; Infer RAMs from Raw Logic                                                       ; On                 ; On                 ;
; Parallel Synthesis                                                              ; On                 ; On                 ;
; DSP Block Balancing                                                             ; Auto               ; Auto               ;
; NOT Gate Push-Back                                                              ; On                 ; On                 ;
; Power-Up Don't Care                                                             ; On                 ; On                 ;
; Remove Redundant Logic Cells                                                    ; Off                ; Off                ;
; Remove Duplicate Registers                                                      ; On                 ; On                 ;
; Ignore CARRY Buffers                                                            ; Off                ; Off                ;
; Ignore CASCADE Buffers                                                          ; Off                ; Off                ;
; Ignore GLOBAL Buffers                                                           ; Off                ; Off                ;
; Ignore ROW GLOBAL Buffers                                                       ; Off                ; Off                ;
; Ignore LCELL Buffers                                                            ; Off                ; Off                ;
; Ignore SOFT Buffers                                                             ; On                 ; On                 ;
; Limit AHDL Integers to 32 Bits                                                  ; Off                ; Off                ;
; Optimization Technique                                                          ; Balanced           ; Balanced           ;
; Carry Chain Length                                                              ; 70                 ; 70                 ;
; Auto Carry Chains                                                               ; On                 ; On                 ;
; Auto Open-Drain Pins                                                            ; On                 ; On                 ;
; Perform WYSIWYG Primitive Resynthesis                                           ; Off                ; Off                ;
; Auto ROM Replacement                                                            ; On                 ; On                 ;
; Auto RAM Replacement                                                            ; On                 ; On                 ;
; Auto DSP Block Replacement                                                      ; On                 ; On                 ;
; Auto Shift Register Replacement                                                 ; Auto               ; Auto               ;
; Allow Shift Register Merging across Hierarchies                                 ; Auto               ; Auto               ;
; Auto Clock Enable Replacement                                                   ; On                 ; On                 ;
; Strict RAM Replacement                                                          ; Off                ; Off                ;
; Allow Synchronous Control Signals                                               ; On                 ; On                 ;
; Force Use of Synchronous Clear Signals                                          ; Off                ; Off                ;
; Auto Resource Sharing                                                           ; Off                ; Off                ;
; Allow Any RAM Size For Recognition                                              ; Off                ; Off                ;
; Allow Any ROM Size For Recognition                                              ; Off                ; Off                ;
; Allow Any Shift Register Size For Recognition                                   ; Off                ; Off                ;
; Use LogicLock Constraints during Resource Balancing                             ; On                 ; On                 ;
; Ignore translate_off and synthesis_off directives                               ; Off                ; Off                ;
; Timing-Driven Synthesis                                                         ; On                 ; On                 ;
; Report Parameter Settings                                                       ; On                 ; On                 ;
; Report Source Assignments                                                       ; On                 ; On                 ;
; Report Connectivity Checks                                                      ; On                 ; On                 ;
; Ignore Maximum Fan-Out Assignments                                              ; Off                ; Off                ;
; Synchronization Register Chain Length                                           ; 3                  ; 3                  ;
; Power Optimization During Synthesis                                             ; Normal compilation ; Normal compilation ;
; HDL message level                                                               ; Level2             ; Level2             ;
; Suppress Register Optimization Related Messages                                 ; Off                ; Off                ;
; Number of Removed Registers Reported in Synthesis Report                        ; 5000               ; 5000               ;
; Number of Swept Nodes Reported in Synthesis Report                              ; 5000               ; 5000               ;
; Number of Inverted Registers Reported in Synthesis Report                       ; 100                ; 100                ;
; Clock MUX Protection                                                            ; On                 ; On                 ;
; Auto Gated Clock Conversion                                                     ; Off                ; Off                ;
; Block Design Naming                                                             ; Auto               ; Auto               ;
; SDC constraint protection                                                       ; Off                ; Off                ;
; Synthesis Effort                                                                ; Auto               ; Auto               ;
; Shift Register Replacement - Allow Asynchronous Clear Signal                    ; On                 ; On                 ;
; Pre-Mapping Resynthesis Optimization                                            ; Off                ; Off                ;
; Analysis & Synthesis Message Level                                              ; Medium             ; Medium             ;
; Disable Register Merging Across Hierarchies                                     ; Auto               ; Auto               ;
; Resource Aware Inference For Block RAM                                          ; On                 ; On                 ;
; Automatic Parallel Synthesis                                                    ; On                 ; On                 ;
; Partial Reconfiguration Bitstream ID                                            ; Off                ; Off                ;
+---------------------------------------------------------------------------------+--------------------+--------------------+


+------------------------------------------+
; Parallel Compilation                     ;
+----------------------------+-------------+
; Processors                 ; Number      ;
+----------------------------+-------------+
; Number detected on machine ; 4           ;
; Maximum allowed            ; 4           ;
;                            ;             ;
; Average used               ; 1.00        ;
; Maximum used               ; 4           ;
;                            ;             ;
; Usage by Processor         ; % Time Used ;
;     Processor 1            ; 100.0%      ;
;     Processor 2            ;   0.0%      ;
;     Processor 3            ;   0.0%      ;
;     Processor 4            ;   0.0%      ;
+----------------------------+-------------+


+---------------------------------------------------------------------------------------------------------------------------------------------------------------------------------------------------------------------------------------------------------------------------+
; Analysis & Synthesis Source Files Read                                                                                                                                                                                                                                    ;
+----------------------------------------------------------------------+-----------------+-------------------------------------------------------+----------------------------------------------------------------------------------------------------------------+---------+
; File Name with User-Entered Path                                     ; Used in Netlist ; File Type                                             ; File Name with Absolute Path                                                                                   ; Library ;
+----------------------------------------------------------------------+-----------------+-------------------------------------------------------+----------------------------------------------------------------------------------------------------------------+---------+
; twoInputMuxv.v                                                       ; yes             ; User Verilog HDL File                                 ; /home/u1456456/Desktop/vga/GFlipFlops/CPU/twoInputMuxv.v                                                       ;         ;
; true_dual_port_ram_single_clock.v                                    ; yes             ; User Verilog HDL File                                 ; /home/u1456456/Desktop/vga/GFlipFlops/CPU/true_dual_port_ram_single_clock.v                                    ;         ;
; seven_seg_hex.v                                                      ; yes             ; User Verilog HDL File                                 ; /home/u1456456/Desktop/vga/GFlipFlops/CPU/seven_seg_hex.v                                                      ;         ;
; regfile.v                                                            ; yes             ; User Verilog HDL File                                 ; /home/u1456456/Desktop/vga/GFlipFlops/CPU/regfile.v                                                            ;         ;
; pc.v                                                                 ; yes             ; User Verilog HDL File                                 ; /home/u1456456/Desktop/vga/GFlipFlops/CPU/pc.v                                                                 ;         ;
; generalFSM.v                                                         ; yes             ; User Verilog HDL File                                 ; /home/u1456456/Desktop/vga/GFlipFlops/CPU/generalFSM.v                                                         ;         ;
; cpu.v                                                                ; yes             ; User Verilog HDL File                                 ; /home/u1456456/Desktop/vga/GFlipFlops/CPU/cpu.v                                                                ;         ;
; alu.v                                                                ; yes             ; User Verilog HDL File                                 ; /home/u1456456/Desktop/vga/GFlipFlops/CPU/alu.v                                                                ;         ;
; PCDisplacementCalculator.v                                           ; yes             ; User Verilog HDL File                                 ; /home/u1456456/Desktop/vga/GFlipFlops/CPU/PCDisplacementCalculator.v                                           ;         ;
; Mux.v                                                                ; yes             ; User Verilog HDL File                                 ; /home/u1456456/Desktop/vga/GFlipFlops/CPU/Mux.v                                                                ;         ;
; FlagReg.v                                                            ; yes             ; User Verilog HDL File                                 ; /home/u1456456/Desktop/vga/GFlipFlops/CPU/FlagReg.v                                                            ;         ;
; memH.hex                                                             ; yes             ; Auto-Found Hexadecimal (Intel-Format) File            ; /home/u1456456/Desktop/vga/GFlipFlops/CPU/memH.hex                                                             ;         ;
; altsyncram.tdf                                                       ; yes             ; Megafunction                                          ; /usr/local/quartus/quartus/libraries/megafunctions/altsyncram.tdf                                              ;         ;
; stratix_ram_block.inc                                                ; yes             ; Megafunction                                          ; /usr/local/quartus/quartus/libraries/megafunctions/stratix_ram_block.inc                                       ;         ;
; lpm_mux.inc                                                          ; yes             ; Megafunction                                          ; /usr/local/quartus/quartus/libraries/megafunctions/lpm_mux.inc                                                 ;         ;
; lpm_decode.inc                                                       ; yes             ; Megafunction                                          ; /usr/local/quartus/quartus/libraries/megafunctions/lpm_decode.inc                                              ;         ;
; aglobal231.inc                                                       ; yes             ; Megafunction                                          ; /usr/local/quartus/quartus/libraries/megafunctions/aglobal231.inc                                              ;         ;
; a_rdenreg.inc                                                        ; yes             ; Megafunction                                          ; /usr/local/quartus/quartus/libraries/megafunctions/a_rdenreg.inc                                               ;         ;
; altrom.inc                                                           ; yes             ; Megafunction                                          ; /usr/local/quartus/quartus/libraries/megafunctions/altrom.inc                                                  ;         ;
; altram.inc                                                           ; yes             ; Megafunction                                          ; /usr/local/quartus/quartus/libraries/megafunctions/altram.inc                                                  ;         ;
; altdpram.inc                                                         ; yes             ; Megafunction                                          ; /usr/local/quartus/quartus/libraries/megafunctions/altdpram.inc                                                ;         ;
; db/altsyncram_phq1.tdf                                               ; yes             ; Auto-Generated Megafunction                           ; /home/u1456456/Desktop/vga/GFlipFlops/CPU/db/altsyncram_phq1.tdf                                               ;         ;
; db/HardCodedVga.ram0_true_dual_port_ram_single_clock_a917fa5.hdl.mif ; yes             ; Auto-Generated Auto-Found Memory Initialization File  ; /home/u1456456/Desktop/vga/GFlipFlops/CPU/db/HardCodedVga.ram0_true_dual_port_ram_single_clock_a917fa5.hdl.mif ;         ;
; db/decode_dla.tdf                                                    ; yes             ; Auto-Generated Megafunction                           ; /home/u1456456/Desktop/vga/GFlipFlops/CPU/db/decode_dla.tdf                                                    ;         ;
; db/decode_61a.tdf                                                    ; yes             ; Auto-Generated Megafunction                           ; /home/u1456456/Desktop/vga/GFlipFlops/CPU/db/decode_61a.tdf                                                    ;         ;
; db/mux_chb.tdf                                                       ; yes             ; Auto-Generated Megafunction                           ; /home/u1456456/Desktop/vga/GFlipFlops/CPU/db/mux_chb.tdf                                                       ;         ;
+----------------------------------------------------------------------+-----------------+-------------------------------------------------------+----------------------------------------------------------------------------------------------------------------+---------+


+---------------------------------------------------------+
; Analysis & Synthesis Resource Usage Summary             ;
+---------------------------------------------+-----------+
; Resource                                    ; Usage     ;
+---------------------------------------------+-----------+
; Estimate of Logic utilization (ALMs needed) ; 671       ;
;                                             ;           ;
; Combinational ALUT usage for logic          ; 910       ;
;     -- 7 input functions                    ; 7         ;
;     -- 6 input functions                    ; 398       ;
;     -- 5 input functions                    ; 133       ;
;     -- 4 input functions                    ; 121       ;
;     -- <=3 input functions                  ; 251       ;
;                                             ;           ;
; Dedicated logic registers                   ; 303       ;
;                                             ;           ;
; I/O pins                                    ; 41        ;
; Total MLAB memory bits                      ; 0         ;
; Total block memory bits                     ; 1048576   ;
;                                             ;           ;
; Total DSP Blocks                            ; 1         ;
;                                             ;           ;
; Maximum fan-out node                        ; clk~input ;
; Maximum fan-out                             ; 431       ;
; Total fan-out                               ; 7738      ;
; Average fan-out                             ; 5.43      ;
+---------------------------------------------+-----------+


+----------------------------------------------------------------------------------------------------------------------------------------------------------------------------------------------------------------------------------------------------------------------------------------------------------------------------------+
; Analysis & Synthesis Resource Utilization by Entity                                                                                                                                                                                                                                                                              ;
+---------------------------------------------+---------------------+---------------------------+-------------------+------------+------+--------------+--------------------------------------------------------------------------------------------------------------------------+---------------------------------+--------------+
; Compilation Hierarchy Node                  ; Combinational ALUTs ; Dedicated Logic Registers ; Block Memory Bits ; DSP Blocks ; Pins ; Virtual Pins ; Full Hierarchy Name                                                                                                      ; Entity Name                     ; Library Name ;
+---------------------------------------------+---------------------+---------------------------+-------------------+------------+------+--------------+--------------------------------------------------------------------------------------------------------------------------+---------------------------------+--------------+
; |cpu                                        ; 910 (16)            ; 303 (0)                   ; 1048576           ; 1          ; 41   ; 0            ; |cpu                                                                                                                     ; cpu                             ; work         ;
;    |FlagReg:flagReg|                        ; 0 (0)               ; 3 (3)                     ; 0                 ; 0          ; 0    ; 0            ; |cpu|FlagReg:flagReg                                                                                                     ; FlagReg                         ; work         ;
;    |PCDisplacementCalculator:dispCalc|      ; 16 (16)             ; 0 (0)                     ; 0                 ; 0          ; 0    ; 0            ; |cpu|PCDisplacementCalculator:dispCalc                                                                                   ; PCDisplacementCalculator        ; work         ;
;    |RegBank:rb|                             ; 17 (0)              ; 256 (0)                   ; 0                 ; 0          ; 0    ; 0            ; |cpu|RegBank:rb                                                                                                          ; RegBank                         ; work         ;
;       |Register:Inst0|                      ; 1 (1)               ; 16 (16)                   ; 0                 ; 0          ; 0    ; 0            ; |cpu|RegBank:rb|Register:Inst0                                                                                           ; Register                        ; work         ;
;       |Register:Inst10|                     ; 1 (1)               ; 16 (16)                   ; 0                 ; 0          ; 0    ; 0            ; |cpu|RegBank:rb|Register:Inst10                                                                                          ; Register                        ; work         ;
;       |Register:Inst11|                     ; 1 (1)               ; 16 (16)                   ; 0                 ; 0          ; 0    ; 0            ; |cpu|RegBank:rb|Register:Inst11                                                                                          ; Register                        ; work         ;
;       |Register:Inst12|                     ; 1 (1)               ; 16 (16)                   ; 0                 ; 0          ; 0    ; 0            ; |cpu|RegBank:rb|Register:Inst12                                                                                          ; Register                        ; work         ;
;       |Register:Inst13|                     ; 1 (1)               ; 16 (16)                   ; 0                 ; 0          ; 0    ; 0            ; |cpu|RegBank:rb|Register:Inst13                                                                                          ; Register                        ; work         ;
;       |Register:Inst14|                     ; 1 (1)               ; 16 (16)                   ; 0                 ; 0          ; 0    ; 0            ; |cpu|RegBank:rb|Register:Inst14                                                                                          ; Register                        ; work         ;
;       |Register:Inst15|                     ; 2 (2)               ; 16 (16)                   ; 0                 ; 0          ; 0    ; 0            ; |cpu|RegBank:rb|Register:Inst15                                                                                          ; Register                        ; work         ;
;       |Register:Inst1|                      ; 1 (1)               ; 16 (16)                   ; 0                 ; 0          ; 0    ; 0            ; |cpu|RegBank:rb|Register:Inst1                                                                                           ; Register                        ; work         ;
;       |Register:Inst2|                      ; 1 (1)               ; 16 (16)                   ; 0                 ; 0          ; 0    ; 0            ; |cpu|RegBank:rb|Register:Inst2                                                                                           ; Register                        ; work         ;
;       |Register:Inst3|                      ; 1 (1)               ; 16 (16)                   ; 0                 ; 0          ; 0    ; 0            ; |cpu|RegBank:rb|Register:Inst3                                                                                           ; Register                        ; work         ;
;       |Register:Inst4|                      ; 1 (1)               ; 16 (16)                   ; 0                 ; 0          ; 0    ; 0            ; |cpu|RegBank:rb|Register:Inst4                                                                                           ; Register                        ; work         ;
;       |Register:Inst5|                      ; 1 (1)               ; 16 (16)                   ; 0                 ; 0          ; 0    ; 0            ; |cpu|RegBank:rb|Register:Inst5                                                                                           ; Register                        ; work         ;
;       |Register:Inst6|                      ; 1 (1)               ; 16 (16)                   ; 0                 ; 0          ; 0    ; 0            ; |cpu|RegBank:rb|Register:Inst6                                                                                           ; Register                        ; work         ;
;       |Register:Inst7|                      ; 1 (1)               ; 16 (16)                   ; 0                 ; 0          ; 0    ; 0            ; |cpu|RegBank:rb|Register:Inst7                                                                                           ; Register                        ; work         ;
;       |Register:Inst8|                      ; 1 (1)               ; 16 (16)                   ; 0                 ; 0          ; 0    ; 0            ; |cpu|RegBank:rb|Register:Inst8                                                                                           ; Register                        ; work         ;
;       |Register:Inst9|                      ; 1 (1)               ; 16 (16)                   ; 0                 ; 0          ; 0    ; 0            ; |cpu|RegBank:rb|Register:Inst9                                                                                           ; Register                        ; work         ;
;    |RegMux:RDstMux|                         ; 80 (80)             ; 0 (0)                     ; 0                 ; 0          ; 0    ; 0            ; |cpu|RegMux:RDstMux                                                                                                      ; RegMux                          ; work         ;
;    |RegMux:RSrcMux|                         ; 80 (80)             ; 0 (0)                     ; 0                 ; 0          ; 0    ; 0            ; |cpu|RegMux:RSrcMux                                                                                                      ; RegMux                          ; work         ;
;    |TwoInputMux:LScntlMux|                  ; 16 (16)             ; 0 (0)                     ; 0                 ; 0          ; 0    ; 0            ; |cpu|TwoInputMux:LScntlMux                                                                                               ; TwoInputMux                     ; work         ;
;    |TwoInputMux:immMux|                     ; 16 (16)             ; 0 (0)                     ; 0                 ; 0          ; 0    ; 0            ; |cpu|TwoInputMux:immMux                                                                                                  ; TwoInputMux                     ; work         ;
;    |TwoInputMux:pcincr|                     ; 32 (32)             ; 0 (0)                     ; 0                 ; 0          ; 0    ; 0            ; |cpu|TwoInputMux:pcincr                                                                                                  ; TwoInputMux                     ; work         ;
;    |TwoInputMux:returnAddress|              ; 36 (36)             ; 0 (0)                     ; 0                 ; 0          ; 0    ; 0            ; |cpu|TwoInputMux:returnAddress                                                                                           ; TwoInputMux                     ; work         ;
;    |alu:alu|                                ; 416 (416)           ; 0 (0)                     ; 0                 ; 1          ; 0    ; 0            ; |cpu|alu:alu                                                                                                             ; alu                             ; work         ;
;    |generalFSM:fsm|                         ; 93 (93)             ; 8 (8)                     ; 0                 ; 0          ; 0    ; 0            ; |cpu|generalFSM:fsm                                                                                                      ; generalFSM                      ; work         ;
;    |pc:pc|                                  ; 0 (0)               ; 16 (16)                   ; 0                 ; 0          ; 0    ; 0            ; |cpu|pc:pc                                                                                                               ; pc                              ; work         ;
;    |seven_seg_hex:a|                        ; 7 (7)               ; 0 (0)                     ; 0                 ; 0          ; 0    ; 0            ; |cpu|seven_seg_hex:a                                                                                                     ; seven_seg_hex                   ; work         ;
;    |seven_seg_hex:b|                        ; 7 (7)               ; 0 (0)                     ; 0                 ; 0          ; 0    ; 0            ; |cpu|seven_seg_hex:b                                                                                                     ; seven_seg_hex                   ; work         ;
;    |seven_seg_hex:c|                        ; 7 (7)               ; 0 (0)                     ; 0                 ; 0          ; 0    ; 0            ; |cpu|seven_seg_hex:c                                                                                                     ; seven_seg_hex                   ; work         ;
;    |seven_seg_hex:d|                        ; 7 (7)               ; 0 (0)                     ; 0                 ; 0          ; 0    ; 0            ; |cpu|seven_seg_hex:d                                                                                                     ; seven_seg_hex                   ; work         ;
;    |true_dual_port_ram_single_clock:memory| ; 64 (16)             ; 20 (17)                   ; 1048576           ; 0          ; 0    ; 0            ; |cpu|true_dual_port_ram_single_clock:memory                                                                              ; true_dual_port_ram_single_clock ; work         ;
;       |altsyncram:ram_rtl_0|                ; 48 (0)              ; 3 (0)                     ; 1048576           ; 0          ; 0    ; 0            ; |cpu|true_dual_port_ram_single_clock:memory|altsyncram:ram_rtl_0                                                         ; altsyncram                      ; work         ;
;          |altsyncram_phq1:auto_generated|   ; 48 (0)              ; 3 (3)                     ; 1048576           ; 0          ; 0    ; 0            ; |cpu|true_dual_port_ram_single_clock:memory|altsyncram:ram_rtl_0|altsyncram_phq1:auto_generated                          ; altsyncram_phq1                 ; work         ;
;             |decode_61a:rden_decode_b|      ; 8 (8)               ; 0 (0)                     ; 0                 ; 0          ; 0    ; 0            ; |cpu|true_dual_port_ram_single_clock:memory|altsyncram:ram_rtl_0|altsyncram_phq1:auto_generated|decode_61a:rden_decode_b ; decode_61a                      ; work         ;
;             |decode_dla:decode2|            ; 8 (8)               ; 0 (0)                     ; 0                 ; 0          ; 0    ; 0            ; |cpu|true_dual_port_ram_single_clock:memory|altsyncram:ram_rtl_0|altsyncram_phq1:auto_generated|decode_dla:decode2       ; decode_dla                      ; work         ;
;             |mux_chb:mux3|                  ; 32 (32)             ; 0 (0)                     ; 0                 ; 0          ; 0    ; 0            ; |cpu|true_dual_port_ram_single_clock:memory|altsyncram:ram_rtl_0|altsyncram_phq1:auto_generated|mux_chb:mux3             ; mux_chb                         ; work         ;
+---------------------------------------------+---------------------+---------------------------+-------------------+------------+------+--------------+--------------------------------------------------------------------------------------------------------------------------+---------------------------------+--------------+
Note: For table entries with two numbers listed, the numbers in parentheses indicate the number of resources of the given type used by the specific entity alone. The numbers listed outside of parentheses indicate the total resources of the given type used by the specific entity and all of its sub-entities in the hierarchy.


+------------------------------------------------------------------------------------------------------------------------------------------------------------------------------------------------------------------------------------------------------------------------------+
; Analysis & Synthesis RAM Summary                                                                                                                                                                                                                                             ;
+-------------------------------------------------------------------------------------------------------+------+------------------+--------------+--------------+--------------+--------------+---------+----------------------------------------------------------------------+
; Name                                                                                                  ; Type ; Mode             ; Port A Depth ; Port A Width ; Port B Depth ; Port B Width ; Size    ; MIF                                                                  ;
+-------------------------------------------------------------------------------------------------------+------+------------------+--------------+--------------+--------------+--------------+---------+----------------------------------------------------------------------+
; true_dual_port_ram_single_clock:memory|altsyncram:ram_rtl_0|altsyncram_phq1:auto_generated|ALTSYNCRAM ; AUTO ; Simple Dual Port ; 65536        ; 16           ; 65536        ; 16           ; 1048576 ; db/HardCodedVga.ram0_true_dual_port_ram_single_clock_a917fa5.hdl.mif ;
+-------------------------------------------------------------------------------------------------------+------+------------------+--------------+--------------+--------------+--------------+---------+----------------------------------------------------------------------+


+-----------------------------------------------+
; Analysis & Synthesis DSP Block Usage Summary  ;
+---------------------------------+-------------+
; Statistic                       ; Number Used ;
+---------------------------------+-------------+
; Two Independent 18x18           ; 1           ;
; Total number of DSP blocks      ; 1           ;
;                                 ;             ;
; Fixed Point Unsigned Multiplier ; 1           ;
+---------------------------------+-------------+


Encoding Type:  One-Hot
+----------------------------------------------------------------------------------------------------------------------------------------------------------------+
; State Machine - |cpu|generalFSM:fsm|state                                                                                                                      ;
+--------------------+-----------------+---------------+--------------------+---------------+----------------+----------------+-----------------+----------------+
; Name               ; state.S7_Branch ; state.S6_Jump ; state.S5_dataToReg ; state.S4_Load ; state.S3_Store ; state.S2_Rtype ; state.S1_Decode ; state.S0_Fetch ;
+--------------------+-----------------+---------------+--------------------+---------------+----------------+----------------+-----------------+----------------+
; state.S0_Fetch     ; 0               ; 0             ; 0                  ; 0             ; 0              ; 0              ; 0               ; 0              ;
; state.S1_Decode    ; 0               ; 0             ; 0                  ; 0             ; 0              ; 0              ; 1               ; 1              ;
; state.S2_Rtype     ; 0               ; 0             ; 0                  ; 0             ; 0              ; 1              ; 0               ; 1              ;
; state.S3_Store     ; 0               ; 0             ; 0                  ; 0             ; 1              ; 0              ; 0               ; 1              ;
; state.S4_Load      ; 0               ; 0             ; 0                  ; 1             ; 0              ; 0              ; 0               ; 1              ;
; state.S5_dataToReg ; 0               ; 0             ; 1                  ; 0             ; 0              ; 0              ; 0               ; 1              ;
; state.S6_Jump      ; 0               ; 1             ; 0                  ; 0             ; 0              ; 0              ; 0               ; 1              ;
; state.S7_Branch    ; 1               ; 0             ; 0                  ; 0             ; 0              ; 0              ; 0               ; 1              ;
+--------------------+-----------------+---------------+--------------------+---------------+----------------+----------------+-----------------+----------------+


+---------------------------------------------------------------------------------------------------------------+
; User-Specified and Inferred Latches                                                                           ;
+-----------------------------------------------------+--------------------------------+------------------------+
; Latch Name                                          ; Latch Enable Signal            ; Free of Timing Hazards ;
+-----------------------------------------------------+--------------------------------+------------------------+
; generalFSM:fsm|opcode[6]                            ; generalFSM:fsm|WideOr5         ; yes                    ;
; generalFSM:fsm|opcode[1]                            ; generalFSM:fsm|WideOr5         ; yes                    ;
; generalFSM:fsm|opcode[2]                            ; generalFSM:fsm|WideOr5         ; yes                    ;
; generalFSM:fsm|opcode[3]                            ; generalFSM:fsm|WideOr5         ; yes                    ;
; generalFSM:fsm|opcode[7]                            ; generalFSM:fsm|WideOr5         ; yes                    ;
; generalFSM:fsm|Rsrc[0]                              ; generalFSM:fsm|state.S2_Rtype  ; yes                    ;
; generalFSM:fsm|Rsrc[1]                              ; generalFSM:fsm|state.S2_Rtype  ; yes                    ;
; generalFSM:fsm|Rsrc[2]                              ; generalFSM:fsm|state.S2_Rtype  ; yes                    ;
; generalFSM:fsm|Rsrc[3]                              ; generalFSM:fsm|state.S2_Rtype  ; yes                    ;
; generalFSM:fsm|imm[4]                               ; generalFSM:fsm|WideOr5         ; yes                    ;
; generalFSM:fsm|RorI                                 ; generalFSM:fsm|state.S2_Rtype  ; yes                    ;
; generalFSM:fsm|imm[5]                               ; generalFSM:fsm|WideOr5         ; yes                    ;
; generalFSM:fsm|imm[6]                               ; generalFSM:fsm|WideOr5         ; yes                    ;
; generalFSM:fsm|imm[7]                               ; generalFSM:fsm|WideOr5         ; yes                    ;
; generalFSM:fsm|imm[8]                               ; generalFSM:fsm|WideOr5         ; yes                    ;
; generalFSM:fsm|imm[9]                               ; generalFSM:fsm|WideOr5         ; yes                    ;
; generalFSM:fsm|imm[10]                              ; generalFSM:fsm|WideOr5         ; yes                    ;
; generalFSM:fsm|imm[11]                              ; generalFSM:fsm|WideOr5         ; yes                    ;
; generalFSM:fsm|imm[12]                              ; generalFSM:fsm|WideOr5         ; yes                    ;
; generalFSM:fsm|imm[13]                              ; generalFSM:fsm|WideOr5         ; yes                    ;
; generalFSM:fsm|imm[14]                              ; generalFSM:fsm|WideOr5         ; yes                    ;
; generalFSM:fsm|imm[15]                              ; generalFSM:fsm|WideOr5         ; yes                    ;
; generalFSM:fsm|imm[2]                               ; generalFSM:fsm|WideOr5         ; yes                    ;
; generalFSM:fsm|imm[3]                               ; generalFSM:fsm|WideOr5         ; yes                    ;
; generalFSM:fsm|imm[0]                               ; generalFSM:fsm|WideOr5         ; yes                    ;
; generalFSM:fsm|imm[1]                               ; generalFSM:fsm|WideOr5         ; yes                    ;
; generalFSM:fsm|Rdest[0]                             ; generalFSM:fsm|state.S2_Rtype  ; yes                    ;
; generalFSM:fsm|Rdest[1]                             ; generalFSM:fsm|state.S2_Rtype  ; yes                    ;
; generalFSM:fsm|Rdest[2]                             ; generalFSM:fsm|state.S2_Rtype  ; yes                    ;
; generalFSM:fsm|Rdest[3]                             ; generalFSM:fsm|state.S2_Rtype  ; yes                    ;
; generalFSM:fsm|opcode[0]                            ; generalFSM:fsm|WideOr5         ; yes                    ;
; generalFSM:fsm|savedRsrc[1]                         ; generalFSM:fsm|state.S1_Decode ; yes                    ;
; generalFSM:fsm|savedRsrc[0]                         ; generalFSM:fsm|state.S1_Decode ; yes                    ;
; generalFSM:fsm|savedRsrc[3]                         ; generalFSM:fsm|state.S1_Decode ; yes                    ;
; generalFSM:fsm|savedRsrc[2]                         ; generalFSM:fsm|state.S1_Decode ; yes                    ;
; generalFSM:fsm|savedRdest[0]                        ; generalFSM:fsm|state.S1_Decode ; yes                    ;
; generalFSM:fsm|savedRdest[1]                        ; generalFSM:fsm|state.S1_Decode ; yes                    ;
; generalFSM:fsm|savedRdest[2]                        ; generalFSM:fsm|state.S1_Decode ; yes                    ;
; generalFSM:fsm|savedRdest[3]                        ; generalFSM:fsm|state.S1_Decode ; yes                    ;
; generalFSM:fsm|displacement[7]                      ; generalFSM:fsm|WideOr7         ; yes                    ;
; generalFSM:fsm|displacement[0]                      ; generalFSM:fsm|WideOr7         ; yes                    ;
; generalFSM:fsm|displacement[1]                      ; generalFSM:fsm|WideOr7         ; yes                    ;
; generalFSM:fsm|displacement[2]                      ; generalFSM:fsm|WideOr7         ; yes                    ;
; generalFSM:fsm|displacement[3]                      ; generalFSM:fsm|WideOr7         ; yes                    ;
; generalFSM:fsm|displacement[4]                      ; generalFSM:fsm|WideOr7         ; yes                    ;
; generalFSM:fsm|displacement[5]                      ; generalFSM:fsm|WideOr7         ; yes                    ;
; generalFSM:fsm|displacement[6]                      ; generalFSM:fsm|WideOr7         ; yes                    ;
; Number of user-specified and inferred latches = 47  ;                                ;                        ;
+-----------------------------------------------------+--------------------------------+------------------------+
Note: All latches listed above may not be present at the end of synthesis due to various synthesis optimizations.


+------------------------------------------------------------+
; Registers Removed During Synthesis                         ;
+---------------------------------------+--------------------+
; Register name                         ; Reason for Removal ;
+---------------------------------------+--------------------+
; generalFSM:fsm|state~3                ; Lost fanout        ;
; generalFSM:fsm|state~4                ; Lost fanout        ;
; generalFSM:fsm|state~5                ; Lost fanout        ;
; generalFSM:fsm|state~6                ; Lost fanout        ;
; Total Number of Removed Registers = 4 ;                    ;
+---------------------------------------+--------------------+


+------------------------------------------------------+
; General Register Statistics                          ;
+----------------------------------------------+-------+
; Statistic                                    ; Value ;
+----------------------------------------------+-------+
; Total registers                              ; 303   ;
; Number of registers using Synchronous Clear  ; 256   ;
; Number of registers using Synchronous Load   ; 0     ;
; Number of registers using Asynchronous Clear ; 19    ;
; Number of registers using Asynchronous Load  ; 0     ;
; Number of registers using Clock Enable       ; 275   ;
; Number of registers using Preset             ; 0     ;
+----------------------------------------------+-------+


+----------------------------------------------------------------------------------------------------------------+
; Registers Added for RAM Pass-Through Logic                                                                     ;
+-------------------------------------------------------------+--------------------------------------------------+
; Register Name                                               ; RAM Name                                         ;
+-------------------------------------------------------------+--------------------------------------------------+
; true_dual_port_ram_single_clock:memory|ram_rtl_0_bypass[0]  ; true_dual_port_ram_single_clock:memory|ram_rtl_0 ;
; true_dual_port_ram_single_clock:memory|ram_rtl_0_bypass[1]  ; true_dual_port_ram_single_clock:memory|ram_rtl_0 ;
; true_dual_port_ram_single_clock:memory|ram_rtl_0_bypass[2]  ; true_dual_port_ram_single_clock:memory|ram_rtl_0 ;
; true_dual_port_ram_single_clock:memory|ram_rtl_0_bypass[3]  ; true_dual_port_ram_single_clock:memory|ram_rtl_0 ;
; true_dual_port_ram_single_clock:memory|ram_rtl_0_bypass[4]  ; true_dual_port_ram_single_clock:memory|ram_rtl_0 ;
; true_dual_port_ram_single_clock:memory|ram_rtl_0_bypass[5]  ; true_dual_port_ram_single_clock:memory|ram_rtl_0 ;
; true_dual_port_ram_single_clock:memory|ram_rtl_0_bypass[6]  ; true_dual_port_ram_single_clock:memory|ram_rtl_0 ;
; true_dual_port_ram_single_clock:memory|ram_rtl_0_bypass[7]  ; true_dual_port_ram_single_clock:memory|ram_rtl_0 ;
; true_dual_port_ram_single_clock:memory|ram_rtl_0_bypass[8]  ; true_dual_port_ram_single_clock:memory|ram_rtl_0 ;
; true_dual_port_ram_single_clock:memory|ram_rtl_0_bypass[9]  ; true_dual_port_ram_single_clock:memory|ram_rtl_0 ;
; true_dual_port_ram_single_clock:memory|ram_rtl_0_bypass[10] ; true_dual_port_ram_single_clock:memory|ram_rtl_0 ;
; true_dual_port_ram_single_clock:memory|ram_rtl_0_bypass[11] ; true_dual_port_ram_single_clock:memory|ram_rtl_0 ;
; true_dual_port_ram_single_clock:memory|ram_rtl_0_bypass[12] ; true_dual_port_ram_single_clock:memory|ram_rtl_0 ;
; true_dual_port_ram_single_clock:memory|ram_rtl_0_bypass[13] ; true_dual_port_ram_single_clock:memory|ram_rtl_0 ;
; true_dual_port_ram_single_clock:memory|ram_rtl_0_bypass[14] ; true_dual_port_ram_single_clock:memory|ram_rtl_0 ;
; true_dual_port_ram_single_clock:memory|ram_rtl_0_bypass[15] ; true_dual_port_ram_single_clock:memory|ram_rtl_0 ;
; true_dual_port_ram_single_clock:memory|ram_rtl_0_bypass[16] ; true_dual_port_ram_single_clock:memory|ram_rtl_0 ;
+-------------------------------------------------------------+--------------------------------------------------+


+-------------------------------------------------------------------------------------------------------------+
; Registers Packed Into Inferred Megafunctions                                                                ;
+---------------------------------------------------+--------------------------------------------------+------+
; Register Name                                     ; Megafunction                                     ; Type ;
+---------------------------------------------------+--------------------------------------------------+------+
; true_dual_port_ram_single_clock:memory|q_a[0..15] ; true_dual_port_ram_single_clock:memory|ram_rtl_0 ; RAM  ;
+---------------------------------------------------+--------------------------------------------------+------+


+------------------------------------------------------------------------------------------------------------------------------------------------------+
; Multiplexer Restructuring Statistics (Restructuring Performed)                                                                                       ;
+--------------------+-----------+---------------+----------------------+------------------------+------------+----------------------------------------+
; Multiplexer Inputs ; Bus Width ; Baseline Area ; Area if Restructured ; Saving if Restructured ; Registered ; Example Multiplexer Output             ;
+--------------------+-----------+---------------+----------------------+------------------------+------------+----------------------------------------+
; 3:1                ; 16 bits   ; 32 LEs        ; 32 LEs               ; 0 LEs                  ; Yes        ; |cpu|pc:pc|outPC[0]                    ;
; 3:1                ; 16 bits   ; 32 LEs        ; 0 LEs                ; 32 LEs                 ; Yes        ; |cpu|RegBank:rb|Register:Inst5|r[11]   ;
; 3:1                ; 16 bits   ; 32 LEs        ; 0 LEs                ; 32 LEs                 ; Yes        ; |cpu|RegBank:rb|Register:Inst0|r[0]    ;
; 3:1                ; 16 bits   ; 32 LEs        ; 0 LEs                ; 32 LEs                 ; Yes        ; |cpu|RegBank:rb|Register:Inst1|r[2]    ;
; 3:1                ; 16 bits   ; 32 LEs        ; 0 LEs                ; 32 LEs                 ; Yes        ; |cpu|RegBank:rb|Register:Inst2|r[8]    ;
; 3:1                ; 16 bits   ; 32 LEs        ; 0 LEs                ; 32 LEs                 ; Yes        ; |cpu|RegBank:rb|Register:Inst3|r[14]   ;
; 3:1                ; 16 bits   ; 32 LEs        ; 0 LEs                ; 32 LEs                 ; Yes        ; |cpu|RegBank:rb|Register:Inst4|r[2]    ;
; 3:1                ; 16 bits   ; 32 LEs        ; 0 LEs                ; 32 LEs                 ; Yes        ; |cpu|RegBank:rb|Register:Inst6|r[2]    ;
; 3:1                ; 16 bits   ; 32 LEs        ; 0 LEs                ; 32 LEs                 ; Yes        ; |cpu|RegBank:rb|Register:Inst7|r[2]    ;
; 3:1                ; 16 bits   ; 32 LEs        ; 0 LEs                ; 32 LEs                 ; Yes        ; |cpu|RegBank:rb|Register:Inst8|r[6]    ;
; 3:1                ; 16 bits   ; 32 LEs        ; 0 LEs                ; 32 LEs                 ; Yes        ; |cpu|RegBank:rb|Register:Inst9|r[7]    ;
; 3:1                ; 16 bits   ; 32 LEs        ; 0 LEs                ; 32 LEs                 ; Yes        ; |cpu|RegBank:rb|Register:Inst10|r[3]   ;
; 3:1                ; 16 bits   ; 32 LEs        ; 0 LEs                ; 32 LEs                 ; Yes        ; |cpu|RegBank:rb|Register:Inst11|r[11]  ;
; 3:1                ; 16 bits   ; 32 LEs        ; 0 LEs                ; 32 LEs                 ; Yes        ; |cpu|RegBank:rb|Register:Inst12|r[6]   ;
; 3:1                ; 16 bits   ; 32 LEs        ; 0 LEs                ; 32 LEs                 ; Yes        ; |cpu|RegBank:rb|Register:Inst13|r[5]   ;
; 3:1                ; 16 bits   ; 32 LEs        ; 0 LEs                ; 32 LEs                 ; Yes        ; |cpu|RegBank:rb|Register:Inst14|r[13]  ;
; 3:1                ; 16 bits   ; 32 LEs        ; 0 LEs                ; 32 LEs                 ; Yes        ; |cpu|RegBank:rb|Register:Inst15|r[13]  ;
; 3:1                ; 16 bits   ; 32 LEs        ; 32 LEs               ; 0 LEs                  ; No         ; |cpu|TwoInputMux:returnAddress|out[15] ;
; 4:1                ; 9 bits    ; 18 LEs        ; 18 LEs               ; 0 LEs                  ; No         ; |cpu|alu:alu|ShiftLeft0                ;
; 4:1                ; 2 bits    ; 4 LEs         ; 4 LEs                ; 0 LEs                  ; No         ; |cpu|alu:alu|ShiftRight1               ;
; 4:1                ; 2 bits    ; 4 LEs         ; 4 LEs                ; 0 LEs                  ; No         ; |cpu|alu:alu|ShiftRight0               ;
; 3:1                ; 8 bits    ; 16 LEs        ; 16 LEs               ; 0 LEs                  ; No         ; |cpu|generalFSM:fsm|imm                ;
; 16:1               ; 16 bits   ; 160 LEs       ; 160 LEs              ; 0 LEs                  ; No         ; |cpu|RegMux:RSrcMux|Mux14              ;
; 16:1               ; 16 bits   ; 160 LEs       ; 160 LEs              ; 0 LEs                  ; No         ; |cpu|RegMux:RDstMux|Mux10              ;
; 6:1                ; 2 bits    ; 8 LEs         ; 8 LEs                ; 0 LEs                  ; No         ; |cpu|generalFSM:fsm|state              ;
; 3:1                ; 8 bits    ; 16 LEs        ; 16 LEs               ; 0 LEs                  ; No         ; |cpu|generalFSM:fsm|Selector53         ;
; 5:1                ; 4 bits    ; 12 LEs        ; 12 LEs               ; 0 LEs                  ; No         ; |cpu|generalFSM:fsm|Selector16         ;
; 5:1                ; 4 bits    ; 12 LEs        ; 12 LEs               ; 0 LEs                  ; No         ; |cpu|generalFSM:fsm|Selector11         ;
; 5:1                ; 3 bits    ; 9 LEs         ; 9 LEs                ; 0 LEs                  ; No         ; |cpu|generalFSM:fsm|Selector7          ;
; 5:1                ; 4 bits    ; 12 LEs        ; 12 LEs               ; 0 LEs                  ; No         ; |cpu|generalFSM:fsm|Selector18         ;
; 89:1               ; 4 bits    ; 236 LEs       ; 92 LEs               ; 144 LEs                ; No         ; |cpu|alu:alu|Selector0                 ;
; 88:1               ; 3 bits    ; 174 LEs       ; 66 LEs               ; 108 LEs                ; No         ; |cpu|alu:alu|Selector10                ;
; 90:1               ; 3 bits    ; 180 LEs       ; 66 LEs               ; 114 LEs                ; No         ; |cpu|alu:alu|Selector6                 ;
+--------------------+-----------+---------------+----------------------+------------------------+------------+----------------------------------------+


+-------------------------------------------------------------------------------------------------------------------+
; Source assignments for true_dual_port_ram_single_clock:memory|altsyncram:ram_rtl_0|altsyncram_phq1:auto_generated ;
+---------------------------------+--------------------+------+-----------------------------------------------------+
; Assignment                      ; Value              ; From ; To                                                  ;
+---------------------------------+--------------------+------+-----------------------------------------------------+
; OPTIMIZE_POWER_DURING_SYNTHESIS ; NORMAL_COMPILATION ; -    ; -                                                   ;
+---------------------------------+--------------------+------+-----------------------------------------------------+


+-------------------------------------------------------------+
; Parameter Settings for User Entity Instance: generalFSM:fsm ;
+----------------+-------+------------------------------------+
; Parameter Name ; Value ; Type                               ;
+----------------+-------+------------------------------------+
; S0_Fetch       ; 0000  ; Unsigned Binary                    ;
; S1_Decode      ; 0001  ; Unsigned Binary                    ;
; S2_Rtype       ; 0010  ; Unsigned Binary                    ;
; S3_Store       ; 0011  ; Unsigned Binary                    ;
; S4_Load        ; 0100  ; Unsigned Binary                    ;
; S5_dataToReg   ; 0101  ; Unsigned Binary                    ;
; S6_Jump        ; 0110  ; Unsigned Binary                    ;
; S7_Branch      ; 0111  ; Unsigned Binary                    ;
+----------------+-------+------------------------------------+
Note: In order to hide this table in the UI and the text report file, please set the "Show Parameter Settings in Synthesis Report" option in "Analysis and Synthesis Settings -> More Settings" to "Off".


+------------------------------------------------------+
; Parameter Settings for User Entity Instance: alu:alu ;
+----------------+----------+--------------------------+
; Parameter Name ; Value    ; Type                     ;
+----------------+----------+--------------------------+
; ADD            ; 00000101 ; Unsigned Binary          ;
; ADDI           ; 0101XXXX ; Unsigned Binary          ;
; ADDU           ; 00000110 ; Unsigned Binary          ;
; ADDUI          ; 0110XXXX ; Unsigned Binary          ;
; ADDC           ; 00000111 ; Unsigned Binary          ;
; ADDCI          ; 0111XXXX ; Unsigned Binary          ;
; MUL            ; 00001110 ; Unsigned Binary          ;
; MULI           ; 1110XXXX ; Unsigned Binary          ;
; SUB            ; 00001001 ; Unsigned Binary          ;
; SUBI           ; 1001XXXX ; Unsigned Binary          ;
; SUBC           ; 00001010 ; Unsigned Binary          ;
; SUBCI          ; 1010XXXX ; Unsigned Binary          ;
; CMP            ; 00001011 ; Unsigned Binary          ;
; CMPI           ; 1011XXXX ; Unsigned Binary          ;
; AND            ; 00000001 ; Unsigned Binary          ;
; ANDI           ; 0001XXXX ; Unsigned Binary          ;
; OR             ; 00000010 ; Unsigned Binary          ;
; ORI            ; 0010XXXX ; Unsigned Binary          ;
; XOR            ; 00000011 ; Unsigned Binary          ;
; XORI           ; 0011XXXX ; Unsigned Binary          ;
; MOV            ; 00001101 ; Unsigned Binary          ;
; MOVI           ; 1101XXXX ; Unsigned Binary          ;
; LSH            ; 10001000 ; Unsigned Binary          ;
; LSHI           ; 1000000X ; Unsigned Binary          ;
; ASHU           ; 10001111 ; Unsigned Binary          ;
; ASHUI          ; 1000001X ; Unsigned Binary          ;
+----------------+----------+--------------------------+
Note: In order to hide this table in the UI and the text report file, please set the "Show Parameter Settings in Synthesis Report" option in "Analysis and Synthesis Settings -> More Settings" to "Off".


+-------------------------------------------------------------------------------------+
; Parameter Settings for User Entity Instance: true_dual_port_ram_single_clock:memory ;
+----------------+-------+------------------------------------------------------------+
; Parameter Name ; Value ; Type                                                       ;
+----------------+-------+------------------------------------------------------------+
; DATA_WIDTH     ; 16    ; Signed Integer                                             ;
; ADDR_WIDTH     ; 16    ; Signed Integer                                             ;
+----------------+-------+------------------------------------------------------------+
Note: In order to hide this table in the UI and the text report file, please set the "Show Parameter Settings in Synthesis Report" option in "Analysis and Synthesis Settings -> More Settings" to "Off".


+----------------------------------------------------------------------------------------------------------------------------+
; Parameter Settings for Inferred Entity Instance: true_dual_port_ram_single_clock:memory|altsyncram:ram_rtl_0               ;
+------------------------------------+----------------------------------------------------------------------+----------------+
; Parameter Name                     ; Value                                                                ; Type           ;
+------------------------------------+----------------------------------------------------------------------+----------------+
; BYTE_SIZE_BLOCK                    ; 8                                                                    ; Untyped        ;
; AUTO_CARRY_CHAINS                  ; ON                                                                   ; AUTO_CARRY     ;
; IGNORE_CARRY_BUFFERS               ; OFF                                                                  ; IGNORE_CARRY   ;
; AUTO_CASCADE_CHAINS                ; ON                                                                   ; AUTO_CASCADE   ;
; IGNORE_CASCADE_BUFFERS             ; OFF                                                                  ; IGNORE_CASCADE ;
; WIDTH_BYTEENA                      ; 1                                                                    ; Untyped        ;
; OPERATION_MODE                     ; DUAL_PORT                                                            ; Untyped        ;
; WIDTH_A                            ; 16                                                                   ; Untyped        ;
; WIDTHAD_A                          ; 16                                                                   ; Untyped        ;
; NUMWORDS_A                         ; 65536                                                                ; Untyped        ;
; OUTDATA_REG_A                      ; UNREGISTERED                                                         ; Untyped        ;
; ADDRESS_ACLR_A                     ; NONE                                                                 ; Untyped        ;
; OUTDATA_ACLR_A                     ; NONE                                                                 ; Untyped        ;
; WRCONTROL_ACLR_A                   ; NONE                                                                 ; Untyped        ;
; INDATA_ACLR_A                      ; NONE                                                                 ; Untyped        ;
; BYTEENA_ACLR_A                     ; NONE                                                                 ; Untyped        ;
; WIDTH_B                            ; 16                                                                   ; Untyped        ;
; WIDTHAD_B                          ; 16                                                                   ; Untyped        ;
; NUMWORDS_B                         ; 65536                                                                ; Untyped        ;
; INDATA_REG_B                       ; CLOCK1                                                               ; Untyped        ;
; WRCONTROL_WRADDRESS_REG_B          ; CLOCK1                                                               ; Untyped        ;
; RDCONTROL_REG_B                    ; CLOCK1                                                               ; Untyped        ;
; ADDRESS_REG_B                      ; CLOCK0                                                               ; Untyped        ;
; OUTDATA_REG_B                      ; UNREGISTERED                                                         ; Untyped        ;
; BYTEENA_REG_B                      ; CLOCK1                                                               ; Untyped        ;
; INDATA_ACLR_B                      ; NONE                                                                 ; Untyped        ;
; WRCONTROL_ACLR_B                   ; NONE                                                                 ; Untyped        ;
; ADDRESS_ACLR_B                     ; NONE                                                                 ; Untyped        ;
; OUTDATA_ACLR_B                     ; NONE                                                                 ; Untyped        ;
; RDCONTROL_ACLR_B                   ; NONE                                                                 ; Untyped        ;
; BYTEENA_ACLR_B                     ; NONE                                                                 ; Untyped        ;
; WIDTH_BYTEENA_A                    ; 1                                                                    ; Untyped        ;
; WIDTH_BYTEENA_B                    ; 1                                                                    ; Untyped        ;
; RAM_BLOCK_TYPE                     ; AUTO                                                                 ; Untyped        ;
; BYTE_SIZE                          ; 8                                                                    ; Untyped        ;
; READ_DURING_WRITE_MODE_MIXED_PORTS ; DONT_CARE                                                            ; Untyped        ;
; READ_DURING_WRITE_MODE_PORT_A      ; NEW_DATA_NO_NBE_READ                                                 ; Untyped        ;
; READ_DURING_WRITE_MODE_PORT_B      ; NEW_DATA_NO_NBE_READ                                                 ; Untyped        ;
; INIT_FILE                          ; db/HardCodedVga.ram0_true_dual_port_ram_single_clock_a917fa5.hdl.mif ; Untyped        ;
; INIT_FILE_LAYOUT                   ; PORT_A                                                               ; Untyped        ;
; MAXIMUM_DEPTH                      ; 0                                                                    ; Untyped        ;
; CLOCK_ENABLE_INPUT_A               ; NORMAL                                                               ; Untyped        ;
; CLOCK_ENABLE_INPUT_B               ; NORMAL                                                               ; Untyped        ;
; CLOCK_ENABLE_OUTPUT_A              ; NORMAL                                                               ; Untyped        ;
; CLOCK_ENABLE_OUTPUT_B              ; NORMAL                                                               ; Untyped        ;
; CLOCK_ENABLE_CORE_A                ; USE_INPUT_CLKEN                                                      ; Untyped        ;
; CLOCK_ENABLE_CORE_B                ; USE_INPUT_CLKEN                                                      ; Untyped        ;
; ENABLE_ECC                         ; FALSE                                                                ; Untyped        ;
; ECC_PIPELINE_STAGE_ENABLED         ; FALSE                                                                ; Untyped        ;
; WIDTH_ECCSTATUS                    ; 3                                                                    ; Untyped        ;
; DEVICE_FAMILY                      ; Cyclone V                                                            ; Untyped        ;
; CBXI_PARAMETER                     ; altsyncram_phq1                                                      ; Untyped        ;
+------------------------------------+----------------------------------------------------------------------+----------------+
Note: In order to hide this table in the UI and the text report file, please set the "Show Parameter Settings in Synthesis Report" option in "Analysis and Synthesis Settings -> More Settings" to "Off".


+---------------------------------------------------------------------------------------------------------+
; altsyncram Parameter Settings by Entity Instance                                                        ;
+-------------------------------------------+-------------------------------------------------------------+
; Name                                      ; Value                                                       ;
+-------------------------------------------+-------------------------------------------------------------+
; Number of entity instances                ; 1                                                           ;
; Entity Instance                           ; true_dual_port_ram_single_clock:memory|altsyncram:ram_rtl_0 ;
;     -- OPERATION_MODE                     ; DUAL_PORT                                                   ;
;     -- WIDTH_A                            ; 16                                                          ;
;     -- NUMWORDS_A                         ; 65536                                                       ;
;     -- OUTDATA_REG_A                      ; UNREGISTERED                                                ;
;     -- WIDTH_B                            ; 16                                                          ;
;     -- NUMWORDS_B                         ; 65536                                                       ;
;     -- ADDRESS_REG_B                      ; CLOCK0                                                      ;
;     -- OUTDATA_REG_B                      ; UNREGISTERED                                                ;
;     -- RAM_BLOCK_TYPE                     ; AUTO                                                        ;
;     -- READ_DURING_WRITE_MODE_MIXED_PORTS ; DONT_CARE                                                   ;
+-------------------------------------------+-------------------------------------------------------------+


+-------------------------------------------------------------------------------------------------------------------------------------------------------------------------------+
; Port Connectivity Checks: "true_dual_port_ram_single_clock:memory"                                                                                                            ;
+--------+--------+----------+--------------------------------------------------------------------------------------------------------------------------------------------------+
; Port   ; Type   ; Severity ; Details                                                                                                                                          ;
+--------+--------+----------+--------------------------------------------------------------------------------------------------------------------------------------------------+
; data_b ; Input  ; Warning  ; Input port expression (1 bits) is smaller than the input port (16 bits) it drives.  Extra input bit(s) "data_b[15..1]" will be connected to GND. ;
; addr_b ; Input  ; Warning  ; Input port expression (1 bits) is smaller than the input port (16 bits) it drives.  Extra input bit(s) "addr_b[15..1]" will be connected to GND. ;
; q_b    ; Output ; Warning  ; Output or bidir port (16 bits) is wider than the port expression (1 bits) it drives; bit(s) "q_b[15..1]" have no fanouts                         ;
; q_b    ; Output ; Info     ; Connected to dangling logic. Logic that only feeds a dangling port will be removed.                                                              ;
+--------+--------+----------+--------------------------------------------------------------------------------------------------------------------------------------------------+


+-----------------------------------------------------+
; Post-Synthesis Netlist Statistics for Top Partition ;
+-----------------------+-----------------------------+
; Type                  ; Count                       ;
+-----------------------+-----------------------------+
; arriav_ff             ; 303                         ;
;     ENA CLR           ; 19                          ;
;     ENA SCLR          ; 256                         ;
;     plain             ; 28                          ;
; arriav_lcell_comb     ; 915                         ;
;     arith             ; 97                          ;
;         0 data inputs ; 2                           ;
;         1 data inputs ; 31                          ;
;         2 data inputs ; 17                          ;
;         3 data inputs ; 14                          ;
;         4 data inputs ; 32                          ;
;         5 data inputs ; 1                           ;
;     extend            ; 7                           ;
;         7 data inputs ; 7                           ;
;     normal            ; 795                         ;
;         0 data inputs ; 1                           ;
;         1 data inputs ; 4                           ;
;         2 data inputs ; 40                          ;
;         3 data inputs ; 131                         ;
;         4 data inputs ; 89                          ;
;         5 data inputs ; 132                         ;
;         6 data inputs ; 398                         ;
;     shared            ; 16                          ;
;         2 data inputs ; 15                          ;
;         3 data inputs ; 1                           ;
; arriav_mac            ; 1                           ;
; boundary_port         ; 41                          ;
; stratixv_ram_block    ; 128                         ;
;                       ;                             ;
; Max LUT depth         ; 10.30                       ;
; Average LUT depth     ; 7.32                        ;
+-----------------------+-----------------------------+


+-------------------------------+
; Elapsed Time Per Partition    ;
+----------------+--------------+
; Partition Name ; Elapsed Time ;
+----------------+--------------+
; Top            ; 00:00:03     ;
+----------------+--------------+


+-------------------------------+
; Analysis & Synthesis Messages ;
+-------------------------------+
Info: *******************************************************************
Info: Running Quartus Prime Analysis & Synthesis
    Info: Version 23.1std.1 Build 993 05/14/2024 SC Lite Edition
    Info: Processing started: Wed Dec  3 13:39:49 2025
Info: Command: quartus_map --read_settings_files=on --write_settings_files=off vga -c HardCodedVga
Warning (18236): Number of processors has not been specified which may cause overloading on shared machines.  Set the global assignment NUM_PARALLEL_PROCESSORS in your QSF to an appropriate value for best performance.
Info (20030): Parallel compilation is enabled and will use 4 of the 4 processors detected
Info (12021): Found 1 design units, including 1 entities, in source file vgabitgen.v
    Info (12023): Found entity 1: VGABitGen File: /home/u1456456/Desktop/vga/GFlipFlops/CPU/vgabitgen.v Line: 1
Info (12021): Found 1 design units, including 1 entities, in source file clk_div_25mhz.v
    Info (12023): Found entity 1: clk_div File: /home/u1456456/Desktop/vga/GFlipFlops/CPU/clk_div_25mhz.v Line: 1
Info (12021): Found 1 design units, including 1 entities, in source file VGAcontroller_tb.v
    Info (12023): Found entity 1: VGAcontroller_tb File: /home/u1456456/Desktop/vga/GFlipFlops/CPU/VGAcontroller_tb.v Line: 2
Info (12021): Found 1 design units, including 1 entities, in source file VGAcontroller.v
    Info (12023): Found entity 1: VGAcontroller File: /home/u1456456/Desktop/vga/GFlipFlops/CPU/VGAcontroller.v Line: 1
Info (12021): Found 1 design units, including 1 entities, in source file HardCodedVga.v
    Info (12023): Found entity 1: HardCodedVga File: /home/u1456456/Desktop/vga/GFlipFlops/CPU/HardCodedVga.v Line: 1
Info (12021): Found 1 design units, including 1 entities, in source file GlyphGen.v
    Info (12023): Found entity 1: GlyphGen File: /home/u1456456/Desktop/vga/GFlipFlops/CPU/GlyphGen.v Line: 1
Info (12021): Found 1 design units, including 1 entities, in source file twoInputMuxv.v
    Info (12023): Found entity 1: TwoInputMux File: /home/u1456456/Desktop/vga/GFlipFlops/CPU/twoInputMuxv.v Line: 1
Info (12021): Found 1 design units, including 1 entities, in source file true_dual_port_ram_single_clock.v
    Info (12023): Found entity 1: true_dual_port_ram_single_clock File: /home/u1456456/Desktop/vga/GFlipFlops/CPU/true_dual_port_ram_single_clock.v Line: 4
Info (12021): Found 1 design units, including 1 entities, in source file tb_hardcoded_FSM_test.v
    Info (12023): Found entity 1: tb_hardcoded_FSM_test File: /home/u1456456/Desktop/vga/GFlipFlops/CPU/tb_hardcoded_FSM_test.v Line: 3
Info (12021): Found 1 design units, including 1 entities, in source file seven_seg_hex.v
    Info (12023): Found entity 1: seven_seg_hex File: /home/u1456456/Desktop/vga/GFlipFlops/CPU/seven_seg_hex.v Line: 1
Info (12021): Found 2 design units, including 2 entities, in source file regfile.v
    Info (12023): Found entity 1: Register File: /home/u1456456/Desktop/vga/GFlipFlops/CPU/regfile.v Line: 23
    Info (12023): Found entity 2: RegBank File: /home/u1456456/Desktop/vga/GFlipFlops/CPU/regfile.v Line: 54
Info (12021): Found 1 design units, including 1 entities, in source file pc.v
    Info (12023): Found entity 1: pc File: /home/u1456456/Desktop/vga/GFlipFlops/CPU/pc.v Line: 1
Info (12021): Found 1 design units, including 1 entities, in source file generalFSM_tb.v
    Info (12023): Found entity 1: generalFSM_tb File: /home/u1456456/Desktop/vga/GFlipFlops/CPU/generalFSM_tb.v Line: 3
Info (12021): Found 1 design units, including 1 entities, in source file generalFSM.v
    Info (12023): Found entity 1: generalFSM File: /home/u1456456/Desktop/vga/GFlipFlops/CPU/generalFSM.v Line: 1
Info (12021): Found 1 design units, including 1 entities, in source file cpu.v
    Info (12023): Found entity 1: cpu File: /home/u1456456/Desktop/vga/GFlipFlops/CPU/cpu.v Line: 1
Info (12021): Found 1 design units, including 1 entities, in source file alu.v
    Info (12023): Found entity 1: alu File: /home/u1456456/Desktop/vga/GFlipFlops/CPU/alu.v Line: 3
Info (12021): Found 1 design units, including 1 entities, in source file PCDisplacementCalculator.v
    Info (12023): Found entity 1: PCDisplacementCalculator File: /home/u1456456/Desktop/vga/GFlipFlops/CPU/PCDisplacementCalculator.v Line: 1
Info (12021): Found 1 design units, including 1 entities, in source file Mux.v
    Info (12023): Found entity 1: RegMux File: /home/u1456456/Desktop/vga/GFlipFlops/CPU/Mux.v Line: 1
Info (12021): Found 1 design units, including 1 entities, in source file IRreg.v
    Info (12023): Found entity 1: IRreg File: /home/u1456456/Desktop/vga/GFlipFlops/CPU/IRreg.v Line: 1
Info (12021): Found 1 design units, including 1 entities, in source file FlagReg.v
    Info (12023): Found entity 1: FlagReg File: /home/u1456456/Desktop/vga/GFlipFlops/CPU/FlagReg.v Line: 1
Info (12021): Found 1 design units, including 1 entities, in source file FSM_test2.v
    Info (12023): Found entity 1: FSM_test2 File: /home/u1456456/Desktop/vga/GFlipFlops/CPU/FSM_test2.v Line: 3
Info (12021): Found 1 design units, including 1 entities, in source file FSM_test1.v
    Info (12023): Found entity 1: FSM_test1 File: /home/u1456456/Desktop/vga/GFlipFlops/CPU/FSM_test1.v Line: 3
Info (12021): Found 1 design units, including 1 entities, in source file ALU_tb.v
    Info (12023): Found entity 1: ALU_tb File: /home/u1456456/Desktop/vga/GFlipFlops/CPU/ALU_tb.v Line: 2
Warning (10236): Verilog HDL Implicit Net warning at cpu.v(126): created implicit net for "data_b" File: /home/u1456456/Desktop/vga/GFlipFlops/CPU/cpu.v Line: 126
Warning (10236): Verilog HDL Implicit Net warning at cpu.v(126): created implicit net for "addr_b" File: /home/u1456456/Desktop/vga/GFlipFlops/CPU/cpu.v Line: 126
Warning (10236): Verilog HDL Implicit Net warning at cpu.v(126): created implicit net for "we_b" File: /home/u1456456/Desktop/vga/GFlipFlops/CPU/cpu.v Line: 126
Warning (10236): Verilog HDL Implicit Net warning at cpu.v(126): created implicit net for "q_b" File: /home/u1456456/Desktop/vga/GFlipFlops/CPU/cpu.v Line: 126
Info (12127): Elaborating entity "cpu" for the top level hierarchy
Warning (10034): Output port "rgb" at cpu.v(8) has no driver File: /home/u1456456/Desktop/vga/GFlipFlops/CPU/cpu.v Line: 8
Warning (10034): Output port "hSync" at cpu.v(6) has no driver File: /home/u1456456/Desktop/vga/GFlipFlops/CPU/cpu.v Line: 6
Warning (10034): Output port "vSync" at cpu.v(6) has no driver File: /home/u1456456/Desktop/vga/GFlipFlops/CPU/cpu.v Line: 6
Info (12128): Elaborating entity "pc" for hierarchy "pc:pc" File: /home/u1456456/Desktop/vga/GFlipFlops/CPU/cpu.v Line: 76
Info (12128): Elaborating entity "TwoInputMux" for hierarchy "TwoInputMux:pcincr" File: /home/u1456456/Desktop/vga/GFlipFlops/CPU/cpu.v Line: 81
Info (12128): Elaborating entity "PCDisplacementCalculator" for hierarchy "PCDisplacementCalculator:dispCalc" File: /home/u1456456/Desktop/vga/GFlipFlops/CPU/cpu.v Line: 84
Warning (10230): Verilog HDL assignment warning at PCDisplacementCalculator.v(23): truncated value with size 32 to match size of target (16) File: /home/u1456456/Desktop/vga/GFlipFlops/CPU/PCDisplacementCalculator.v Line: 23
Info (12128): Elaborating entity "generalFSM" for hierarchy "generalFSM:fsm" File: /home/u1456456/Desktop/vga/GFlipFlops/CPU/cpu.v Line: 92
Info (10264): Verilog HDL Case Statement information at generalFSM.v(42): all case item expressions in this case statement are onehot File: /home/u1456456/Desktop/vga/GFlipFlops/CPU/generalFSM.v Line: 42
Warning (10230): Verilog HDL assignment warning at generalFSM.v(101): truncated value with size 16 to match size of target (8) File: /home/u1456456/Desktop/vga/GFlipFlops/CPU/generalFSM.v Line: 101
Warning (10240): Verilog HDL Always Construct warning at generalFSM.v(77): inferring latch(es) for variable "Rdest", which holds its previous value in one or more paths through the always construct File: /home/u1456456/Desktop/vga/GFlipFlops/CPU/generalFSM.v Line: 77
Warning (10240): Verilog HDL Always Construct warning at generalFSM.v(77): inferring latch(es) for variable "Rsrc", which holds its previous value in one or more paths through the always construct File: /home/u1456456/Desktop/vga/GFlipFlops/CPU/generalFSM.v Line: 77
Warning (10240): Verilog HDL Always Construct warning at generalFSM.v(77): inferring latch(es) for variable "opcode", which holds its previous value in one or more paths through the always construct File: /home/u1456456/Desktop/vga/GFlipFlops/CPU/generalFSM.v Line: 77
Warning (10240): Verilog HDL Always Construct warning at generalFSM.v(77): inferring latch(es) for variable "imm", which holds its previous value in one or more paths through the always construct File: /home/u1456456/Desktop/vga/GFlipFlops/CPU/generalFSM.v Line: 77
Warning (10240): Verilog HDL Always Construct warning at generalFSM.v(77): inferring latch(es) for variable "RorI", which holds its previous value in one or more paths through the always construct File: /home/u1456456/Desktop/vga/GFlipFlops/CPU/generalFSM.v Line: 77
Warning (10240): Verilog HDL Always Construct warning at generalFSM.v(77): inferring latch(es) for variable "displacement", which holds its previous value in one or more paths through the always construct File: /home/u1456456/Desktop/vga/GFlipFlops/CPU/generalFSM.v Line: 77
Warning (10240): Verilog HDL Always Construct warning at generalFSM.v(77): inferring latch(es) for variable "savedRdest", which holds its previous value in one or more paths through the always construct File: /home/u1456456/Desktop/vga/GFlipFlops/CPU/generalFSM.v Line: 77
Warning (10240): Verilog HDL Always Construct warning at generalFSM.v(77): inferring latch(es) for variable "savedRsrc", which holds its previous value in one or more paths through the always construct File: /home/u1456456/Desktop/vga/GFlipFlops/CPU/generalFSM.v Line: 77
Warning (10240): Verilog HDL Always Construct warning at generalFSM.v(77): inferring latch(es) for variable "savedAlu_Mux_ctrl", which holds its previous value in one or more paths through the always construct File: /home/u1456456/Desktop/vga/GFlipFlops/CPU/generalFSM.v Line: 77
Info (10041): Inferred latch for "savedRsrc[0]" at generalFSM.v(77) File: /home/u1456456/Desktop/vga/GFlipFlops/CPU/generalFSM.v Line: 77
Info (10041): Inferred latch for "savedRsrc[1]" at generalFSM.v(77) File: /home/u1456456/Desktop/vga/GFlipFlops/CPU/generalFSM.v Line: 77
Info (10041): Inferred latch for "savedRsrc[2]" at generalFSM.v(77) File: /home/u1456456/Desktop/vga/GFlipFlops/CPU/generalFSM.v Line: 77
Info (10041): Inferred latch for "savedRsrc[3]" at generalFSM.v(77) File: /home/u1456456/Desktop/vga/GFlipFlops/CPU/generalFSM.v Line: 77
Info (10041): Inferred latch for "savedRdest[0]" at generalFSM.v(77) File: /home/u1456456/Desktop/vga/GFlipFlops/CPU/generalFSM.v Line: 77
Info (10041): Inferred latch for "savedRdest[1]" at generalFSM.v(77) File: /home/u1456456/Desktop/vga/GFlipFlops/CPU/generalFSM.v Line: 77
Info (10041): Inferred latch for "savedRdest[2]" at generalFSM.v(77) File: /home/u1456456/Desktop/vga/GFlipFlops/CPU/generalFSM.v Line: 77
Info (10041): Inferred latch for "savedRdest[3]" at generalFSM.v(77) File: /home/u1456456/Desktop/vga/GFlipFlops/CPU/generalFSM.v Line: 77
Info (10041): Inferred latch for "displacement[0]" at generalFSM.v(77) File: /home/u1456456/Desktop/vga/GFlipFlops/CPU/generalFSM.v Line: 77
Info (10041): Inferred latch for "displacement[1]" at generalFSM.v(77) File: /home/u1456456/Desktop/vga/GFlipFlops/CPU/generalFSM.v Line: 77
Info (10041): Inferred latch for "displacement[2]" at generalFSM.v(77) File: /home/u1456456/Desktop/vga/GFlipFlops/CPU/generalFSM.v Line: 77
Info (10041): Inferred latch for "displacement[3]" at generalFSM.v(77) File: /home/u1456456/Desktop/vga/GFlipFlops/CPU/generalFSM.v Line: 77
Info (10041): Inferred latch for "displacement[4]" at generalFSM.v(77) File: /home/u1456456/Desktop/vga/GFlipFlops/CPU/generalFSM.v Line: 77
Info (10041): Inferred latch for "displacement[5]" at generalFSM.v(77) File: /home/u1456456/Desktop/vga/GFlipFlops/CPU/generalFSM.v Line: 77
Info (10041): Inferred latch for "displacement[6]" at generalFSM.v(77) File: /home/u1456456/Desktop/vga/GFlipFlops/CPU/generalFSM.v Line: 77
Info (10041): Inferred latch for "displacement[7]" at generalFSM.v(77) File: /home/u1456456/Desktop/vga/GFlipFlops/CPU/generalFSM.v Line: 77
Info (10041): Inferred latch for "RorI" at generalFSM.v(77) File: /home/u1456456/Desktop/vga/GFlipFlops/CPU/generalFSM.v Line: 77
Info (10041): Inferred latch for "imm[0]" at generalFSM.v(77) File: /home/u1456456/Desktop/vga/GFlipFlops/CPU/generalFSM.v Line: 77
Info (10041): Inferred latch for "imm[1]" at generalFSM.v(77) File: /home/u1456456/Desktop/vga/GFlipFlops/CPU/generalFSM.v Line: 77
Info (10041): Inferred latch for "imm[2]" at generalFSM.v(77) File: /home/u1456456/Desktop/vga/GFlipFlops/CPU/generalFSM.v Line: 77
Info (10041): Inferred latch for "imm[3]" at generalFSM.v(77) File: /home/u1456456/Desktop/vga/GFlipFlops/CPU/generalFSM.v Line: 77
Info (10041): Inferred latch for "imm[4]" at generalFSM.v(77) File: /home/u1456456/Desktop/vga/GFlipFlops/CPU/generalFSM.v Line: 77
Info (10041): Inferred latch for "imm[5]" at generalFSM.v(77) File: /home/u1456456/Desktop/vga/GFlipFlops/CPU/generalFSM.v Line: 77
Info (10041): Inferred latch for "imm[6]" at generalFSM.v(77) File: /home/u1456456/Desktop/vga/GFlipFlops/CPU/generalFSM.v Line: 77
Info (10041): Inferred latch for "imm[7]" at generalFSM.v(77) File: /home/u1456456/Desktop/vga/GFlipFlops/CPU/generalFSM.v Line: 77
Info (10041): Inferred latch for "imm[8]" at generalFSM.v(77) File: /home/u1456456/Desktop/vga/GFlipFlops/CPU/generalFSM.v Line: 77
Info (10041): Inferred latch for "imm[9]" at generalFSM.v(77) File: /home/u1456456/Desktop/vga/GFlipFlops/CPU/generalFSM.v Line: 77
Info (10041): Inferred latch for "imm[10]" at generalFSM.v(77) File: /home/u1456456/Desktop/vga/GFlipFlops/CPU/generalFSM.v Line: 77
Info (10041): Inferred latch for "imm[11]" at generalFSM.v(77) File: /home/u1456456/Desktop/vga/GFlipFlops/CPU/generalFSM.v Line: 77
Info (10041): Inferred latch for "imm[12]" at generalFSM.v(77) File: /home/u1456456/Desktop/vga/GFlipFlops/CPU/generalFSM.v Line: 77
Info (10041): Inferred latch for "imm[13]" at generalFSM.v(77) File: /home/u1456456/Desktop/vga/GFlipFlops/CPU/generalFSM.v Line: 77
Info (10041): Inferred latch for "imm[14]" at generalFSM.v(77) File: /home/u1456456/Desktop/vga/GFlipFlops/CPU/generalFSM.v Line: 77
Info (10041): Inferred latch for "imm[15]" at generalFSM.v(77) File: /home/u1456456/Desktop/vga/GFlipFlops/CPU/generalFSM.v Line: 77
Info (10041): Inferred latch for "opcode[0]" at generalFSM.v(77) File: /home/u1456456/Desktop/vga/GFlipFlops/CPU/generalFSM.v Line: 77
Info (10041): Inferred latch for "opcode[1]" at generalFSM.v(77) File: /home/u1456456/Desktop/vga/GFlipFlops/CPU/generalFSM.v Line: 77
Info (10041): Inferred latch for "opcode[2]" at generalFSM.v(77) File: /home/u1456456/Desktop/vga/GFlipFlops/CPU/generalFSM.v Line: 77
Info (10041): Inferred latch for "opcode[3]" at generalFSM.v(77) File: /home/u1456456/Desktop/vga/GFlipFlops/CPU/generalFSM.v Line: 77
Info (10041): Inferred latch for "opcode[4]" at generalFSM.v(77) File: /home/u1456456/Desktop/vga/GFlipFlops/CPU/generalFSM.v Line: 77
Info (10041): Inferred latch for "opcode[5]" at generalFSM.v(77) File: /home/u1456456/Desktop/vga/GFlipFlops/CPU/generalFSM.v Line: 77
Info (10041): Inferred latch for "opcode[6]" at generalFSM.v(77) File: /home/u1456456/Desktop/vga/GFlipFlops/CPU/generalFSM.v Line: 77
Info (10041): Inferred latch for "opcode[7]" at generalFSM.v(77) File: /home/u1456456/Desktop/vga/GFlipFlops/CPU/generalFSM.v Line: 77
Info (10041): Inferred latch for "Rsrc[0]" at generalFSM.v(77) File: /home/u1456456/Desktop/vga/GFlipFlops/CPU/generalFSM.v Line: 77
Info (10041): Inferred latch for "Rsrc[1]" at generalFSM.v(77) File: /home/u1456456/Desktop/vga/GFlipFlops/CPU/generalFSM.v Line: 77
Info (10041): Inferred latch for "Rsrc[2]" at generalFSM.v(77) File: /home/u1456456/Desktop/vga/GFlipFlops/CPU/generalFSM.v Line: 77
Info (10041): Inferred latch for "Rsrc[3]" at generalFSM.v(77) File: /home/u1456456/Desktop/vga/GFlipFlops/CPU/generalFSM.v Line: 77
Info (10041): Inferred latch for "Rdest[0]" at generalFSM.v(77) File: /home/u1456456/Desktop/vga/GFlipFlops/CPU/generalFSM.v Line: 77
Info (10041): Inferred latch for "Rdest[1]" at generalFSM.v(77) File: /home/u1456456/Desktop/vga/GFlipFlops/CPU/generalFSM.v Line: 77
Info (10041): Inferred latch for "Rdest[2]" at generalFSM.v(77) File: /home/u1456456/Desktop/vga/GFlipFlops/CPU/generalFSM.v Line: 77
Info (10041): Inferred latch for "Rdest[3]" at generalFSM.v(77) File: /home/u1456456/Desktop/vga/GFlipFlops/CPU/generalFSM.v Line: 77
Info (12128): Elaborating entity "alu" for hierarchy "alu:alu" File: /home/u1456456/Desktop/vga/GFlipFlops/CPU/cpu.v Line: 96
Info (12128): Elaborating entity "FlagReg" for hierarchy "FlagReg:flagReg" File: /home/u1456456/Desktop/vga/GFlipFlops/CPU/cpu.v Line: 99
Info (12128): Elaborating entity "RegBank" for hierarchy "RegBank:rb" File: /home/u1456456/Desktop/vga/GFlipFlops/CPU/cpu.v Line: 103
Info (12128): Elaborating entity "Register" for hierarchy "RegBank:rb|Register:Inst0" File: /home/u1456456/Desktop/vga/GFlipFlops/CPU/regfile.v Line: 66
Info (12128): Elaborating entity "RegMux" for hierarchy "RegMux:RSrcMux" File: /home/u1456456/Desktop/vga/GFlipFlops/CPU/cpu.v Line: 112
Info (12128): Elaborating entity "true_dual_port_ram_single_clock" for hierarchy "true_dual_port_ram_single_clock:memory" File: /home/u1456456/Desktop/vga/GFlipFlops/CPU/cpu.v Line: 126
Warning (10850): Verilog HDL warning at true_dual_port_ram_single_clock.v(24): number of words (6) in memory file does not match the number of elements in the address range [0:65535] File: /home/u1456456/Desktop/vga/GFlipFlops/CPU/true_dual_port_ram_single_clock.v Line: 24
Info (12128): Elaborating entity "seven_seg_hex" for hierarchy "seven_seg_hex:a" File: /home/u1456456/Desktop/vga/GFlipFlops/CPU/cpu.v Line: 138
Warning (276020): Inferred RAM node "true_dual_port_ram_single_clock:memory|ram_rtl_0" from synchronous design logic.  Pass-through logic has been added to match the read-during-write behavior of the original design.
Info (276014): Found 1 instances of uninferred RAM logic
    Info (276007): RAM logic "true_dual_port_ram_single_clock:memory|ram" is uninferred due to asynchronous read logic File: /home/u1456456/Desktop/vga/GFlipFlops/CPU/true_dual_port_ram_single_clock.v Line: 16
Info (19000): Inferred 1 megafunctions from design logic
    Info (276029): Inferred altsyncram megafunction from the following design logic: "true_dual_port_ram_single_clock:memory|ram_rtl_0" 
        Info (286033): Parameter OPERATION_MODE set to DUAL_PORT
        Info (286033): Parameter WIDTH_A set to 16
        Info (286033): Parameter WIDTHAD_A set to 16
        Info (286033): Parameter NUMWORDS_A set to 65536
        Info (286033): Parameter WIDTH_B set to 16
        Info (286033): Parameter WIDTHAD_B set to 16
        Info (286033): Parameter NUMWORDS_B set to 65536
        Info (286033): Parameter ADDRESS_ACLR_A set to NONE
        Info (286033): Parameter OUTDATA_REG_B set to UNREGISTERED
        Info (286033): Parameter ADDRESS_ACLR_B set to NONE
        Info (286033): Parameter OUTDATA_ACLR_B set to NONE
        Info (286033): Parameter ADDRESS_REG_B set to CLOCK0
        Info (286033): Parameter INDATA_ACLR_A set to NONE
        Info (286033): Parameter WRCONTROL_ACLR_A set to NONE
        Info (286033): Parameter INIT_FILE set to db/HardCodedVga.ram0_true_dual_port_ram_single_clock_a917fa5.hdl.mif
Info (12130): Elaborated megafunction instantiation "true_dual_port_ram_single_clock:memory|altsyncram:ram_rtl_0"
Info (12133): Instantiated megafunction "true_dual_port_ram_single_clock:memory|altsyncram:ram_rtl_0" with the following parameter:
    Info (12134): Parameter "OPERATION_MODE" = "DUAL_PORT"
    Info (12134): Parameter "WIDTH_A" = "16"
    Info (12134): Parameter "WIDTHAD_A" = "16"
    Info (12134): Parameter "NUMWORDS_A" = "65536"
    Info (12134): Parameter "WIDTH_B" = "16"
    Info (12134): Parameter "WIDTHAD_B" = "16"
    Info (12134): Parameter "NUMWORDS_B" = "65536"
    Info (12134): Parameter "ADDRESS_ACLR_A" = "NONE"
    Info (12134): Parameter "OUTDATA_REG_B" = "UNREGISTERED"
    Info (12134): Parameter "ADDRESS_ACLR_B" = "NONE"
    Info (12134): Parameter "OUTDATA_ACLR_B" = "NONE"
    Info (12134): Parameter "ADDRESS_REG_B" = "CLOCK0"
    Info (12134): Parameter "INDATA_ACLR_A" = "NONE"
    Info (12134): Parameter "WRCONTROL_ACLR_A" = "NONE"
    Info (12134): Parameter "INIT_FILE" = "db/HardCodedVga.ram0_true_dual_port_ram_single_clock_a917fa5.hdl.mif"
Info (12021): Found 1 design units, including 1 entities, in source file db/altsyncram_phq1.tdf
    Info (12023): Found entity 1: altsyncram_phq1 File: /home/u1456456/Desktop/vga/GFlipFlops/CPU/db/altsyncram_phq1.tdf Line: 34
Warning (127007): Memory Initialization File or Hexadecimal (Intel-Format) File "/home/u1456456/Desktop/vga/GFlipFlops/CPU/db/HardCodedVga.ram0_true_dual_port_ram_single_clock_a917fa5.hdl.mif" contains "don't care" values -- overwriting them with 0s File: /usr/local/quartus/quartus/libraries/megafunctions/altsyncram.tdf Line: 792
Warning (127007): Memory Initialization File or Hexadecimal (Intel-Format) File "/home/u1456456/Desktop/vga/GFlipFlops/CPU/db/HardCodedVga.ram0_true_dual_port_ram_single_clock_a917fa5.hdl.mif" contains "don't care" values -- overwriting them with 0s File: /usr/local/quartus/quartus/libraries/megafunctions/altsyncram.tdf Line: 792
Warning (127007): Memory Initialization File or Hexadecimal (Intel-Format) File "/home/u1456456/Desktop/vga/GFlipFlops/CPU/db/HardCodedVga.ram0_true_dual_port_ram_single_clock_a917fa5.hdl.mif" contains "don't care" values -- overwriting them with 0s File: /usr/local/quartus/quartus/libraries/megafunctions/altsyncram.tdf Line: 792
Warning (127007): Memory Initialization File or Hexadecimal (Intel-Format) File "/home/u1456456/Desktop/vga/GFlipFlops/CPU/db/HardCodedVga.ram0_true_dual_port_ram_single_clock_a917fa5.hdl.mif" contains "don't care" values -- overwriting them with 0s File: /usr/local/quartus/quartus/libraries/megafunctions/altsyncram.tdf Line: 792
Warning (127007): Memory Initialization File or Hexadecimal (Intel-Format) File "/home/u1456456/Desktop/vga/GFlipFlops/CPU/db/HardCodedVga.ram0_true_dual_port_ram_single_clock_a917fa5.hdl.mif" contains "don't care" values -- overwriting them with 0s File: /usr/local/quartus/quartus/libraries/megafunctions/altsyncram.tdf Line: 792
Warning (127007): Memory Initialization File or Hexadecimal (Intel-Format) File "/home/u1456456/Desktop/vga/GFlipFlops/CPU/db/HardCodedVga.ram0_true_dual_port_ram_single_clock_a917fa5.hdl.mif" contains "don't care" values -- overwriting them with 0s File: /usr/local/quartus/quartus/libraries/megafunctions/altsyncram.tdf Line: 792
Warning (127007): Memory Initialization File or Hexadecimal (Intel-Format) File "/home/u1456456/Desktop/vga/GFlipFlops/CPU/db/HardCodedVga.ram0_true_dual_port_ram_single_clock_a917fa5.hdl.mif" contains "don't care" values -- overwriting them with 0s File: /usr/local/quartus/quartus/libraries/megafunctions/altsyncram.tdf Line: 792
Warning (127007): Memory Initialization File or Hexadecimal (Intel-Format) File "/home/u1456456/Desktop/vga/GFlipFlops/CPU/db/HardCodedVga.ram0_true_dual_port_ram_single_clock_a917fa5.hdl.mif" contains "don't care" values -- overwriting them with 0s File: /usr/local/quartus/quartus/libraries/megafunctions/altsyncram.tdf Line: 792
Warning (127007): Memory Initialization File or Hexadecimal (Intel-Format) File "/home/u1456456/Desktop/vga/GFlipFlops/CPU/db/HardCodedVga.ram0_true_dual_port_ram_single_clock_a917fa5.hdl.mif" contains "don't care" values -- overwriting them with 0s File: /usr/local/quartus/quartus/libraries/megafunctions/altsyncram.tdf Line: 792
Warning (127007): Memory Initialization File or Hexadecimal (Intel-Format) File "/home/u1456456/Desktop/vga/GFlipFlops/CPU/db/HardCodedVga.ram0_true_dual_port_ram_single_clock_a917fa5.hdl.mif" contains "don't care" values -- overwriting them with 0s File: /usr/local/quartus/quartus/libraries/megafunctions/altsyncram.tdf Line: 792
Warning (127007): Memory Initialization File or Hexadecimal (Intel-Format) File "/home/u1456456/Desktop/vga/GFlipFlops/CPU/db/HardCodedVga.ram0_true_dual_port_ram_single_clock_a917fa5.hdl.mif" contains "don't care" values -- overwriting them with 0s File: /usr/local/quartus/quartus/libraries/megafunctions/altsyncram.tdf Line: 792
Warning (127007): Memory Initialization File or Hexadecimal (Intel-Format) File "/home/u1456456/Desktop/vga/GFlipFlops/CPU/db/HardCodedVga.ram0_true_dual_port_ram_single_clock_a917fa5.hdl.mif" contains "don't care" values -- overwriting them with 0s File: /usr/local/quartus/quartus/libraries/megafunctions/altsyncram.tdf Line: 792
Warning (127007): Memory Initialization File or Hexadecimal (Intel-Format) File "/home/u1456456/Desktop/vga/GFlipFlops/CPU/db/HardCodedVga.ram0_true_dual_port_ram_single_clock_a917fa5.hdl.mif" contains "don't care" values -- overwriting them with 0s File: /usr/local/quartus/quartus/libraries/megafunctions/altsyncram.tdf Line: 792
Warning (127007): Memory Initialization File or Hexadecimal (Intel-Format) File "/home/u1456456/Desktop/vga/GFlipFlops/CPU/db/HardCodedVga.ram0_true_dual_port_ram_single_clock_a917fa5.hdl.mif" contains "don't care" values -- overwriting them with 0s File: /usr/local/quartus/quartus/libraries/megafunctions/altsyncram.tdf Line: 792
Warning (127007): Memory Initialization File or Hexadecimal (Intel-Format) File "/home/u1456456/Desktop/vga/GFlipFlops/CPU/db/HardCodedVga.ram0_true_dual_port_ram_single_clock_a917fa5.hdl.mif" contains "don't care" values -- overwriting them with 0s File: /usr/local/quartus/quartus/libraries/megafunctions/altsyncram.tdf Line: 792
Warning (127007): Memory Initialization File or Hexadecimal (Intel-Format) File "/home/u1456456/Desktop/vga/GFlipFlops/CPU/db/HardCodedVga.ram0_true_dual_port_ram_single_clock_a917fa5.hdl.mif" contains "don't care" values -- overwriting them with 0s File: /usr/local/quartus/quartus/libraries/megafunctions/altsyncram.tdf Line: 792
Info (12021): Found 1 design units, including 1 entities, in source file db/decode_dla.tdf
    Info (12023): Found entity 1: decode_dla File: /home/u1456456/Desktop/vga/GFlipFlops/CPU/db/decode_dla.tdf Line: 23
Info (12021): Found 1 design units, including 1 entities, in source file db/decode_61a.tdf
    Info (12023): Found entity 1: decode_61a File: /home/u1456456/Desktop/vga/GFlipFlops/CPU/db/decode_61a.tdf Line: 23
Info (12021): Found 1 design units, including 1 entities, in source file db/mux_chb.tdf
    Info (12023): Found entity 1: mux_chb File: /home/u1456456/Desktop/vga/GFlipFlops/CPU/db/mux_chb.tdf Line: 23
Warning (12069): Ignored assignment(s) for "b[0]" because "b" is not a bus or array File: /home/u1456456/Desktop/vga/GFlipFlops/CPU/cpu.v Line: 139
Warning (12069): Ignored assignment(s) for "b[1]" because "b" is not a bus or array File: /home/u1456456/Desktop/vga/GFlipFlops/CPU/cpu.v Line: 139
Warning (12069): Ignored assignment(s) for "b[2]" because "b" is not a bus or array File: /home/u1456456/Desktop/vga/GFlipFlops/CPU/cpu.v Line: 139
Warning (12069): Ignored assignment(s) for "b[3]" because "b" is not a bus or array File: /home/u1456456/Desktop/vga/GFlipFlops/CPU/cpu.v Line: 139
Warning (12069): Ignored assignment(s) for "b[4]" because "b" is not a bus or array File: /home/u1456456/Desktop/vga/GFlipFlops/CPU/cpu.v Line: 139
Warning (12069): Ignored assignment(s) for "b[5]" because "b" is not a bus or array File: /home/u1456456/Desktop/vga/GFlipFlops/CPU/cpu.v Line: 139
Warning (12069): Ignored assignment(s) for "b[6]" because "b" is not a bus or array File: /home/u1456456/Desktop/vga/GFlipFlops/CPU/cpu.v Line: 139
Warning (12069): Ignored assignment(s) for "b[7]" because "b" is not a bus or array File: /home/u1456456/Desktop/vga/GFlipFlops/CPU/cpu.v Line: 139
Warning (12069): Ignored assignment(s) for "b[0]" because "b" is not a bus or array File: /home/u1456456/Desktop/vga/GFlipFlops/CPU/cpu.v Line: 139
Warning (12069): Ignored assignment(s) for "b[1]" because "b" is not a bus or array File: /home/u1456456/Desktop/vga/GFlipFlops/CPU/cpu.v Line: 139
Warning (12069): Ignored assignment(s) for "b[2]" because "b" is not a bus or array File: /home/u1456456/Desktop/vga/GFlipFlops/CPU/cpu.v Line: 139
Warning (12069): Ignored assignment(s) for "b[3]" because "b" is not a bus or array File: /home/u1456456/Desktop/vga/GFlipFlops/CPU/cpu.v Line: 139
Warning (12069): Ignored assignment(s) for "b[4]" because "b" is not a bus or array File: /home/u1456456/Desktop/vga/GFlipFlops/CPU/cpu.v Line: 139
Warning (12069): Ignored assignment(s) for "b[5]" because "b" is not a bus or array File: /home/u1456456/Desktop/vga/GFlipFlops/CPU/cpu.v Line: 139
Warning (12069): Ignored assignment(s) for "b[6]" because "b" is not a bus or array File: /home/u1456456/Desktop/vga/GFlipFlops/CPU/cpu.v Line: 139
Warning (12069): Ignored assignment(s) for "b[7]" because "b" is not a bus or array File: /home/u1456456/Desktop/vga/GFlipFlops/CPU/cpu.v Line: 139
Warning (12241): 1 hierarchies have connectivity warnings - see the Connectivity Checks report folder
Info (13025): Duplicate LATCH primitives merged into single LATCH primitive
    Info (13026): Duplicate LATCH primitive "generalFSM:fsm|imm[15]" merged with LATCH primitive "generalFSM:fsm|imm[7]" File: /home/u1456456/Desktop/vga/GFlipFlops/CPU/generalFSM.v Line: 77
    Info (13026): Duplicate LATCH primitive "generalFSM:fsm|imm[14]" merged with LATCH primitive "generalFSM:fsm|imm[7]" File: /home/u1456456/Desktop/vga/GFlipFlops/CPU/generalFSM.v Line: 77
    Info (13026): Duplicate LATCH primitive "generalFSM:fsm|imm[13]" merged with LATCH primitive "generalFSM:fsm|imm[7]" File: /home/u1456456/Desktop/vga/GFlipFlops/CPU/generalFSM.v Line: 77
    Info (13026): Duplicate LATCH primitive "generalFSM:fsm|imm[12]" merged with LATCH primitive "generalFSM:fsm|imm[7]" File: /home/u1456456/Desktop/vga/GFlipFlops/CPU/generalFSM.v Line: 77
    Info (13026): Duplicate LATCH primitive "generalFSM:fsm|imm[11]" merged with LATCH primitive "generalFSM:fsm|imm[7]" File: /home/u1456456/Desktop/vga/GFlipFlops/CPU/generalFSM.v Line: 77
    Info (13026): Duplicate LATCH primitive "generalFSM:fsm|imm[10]" merged with LATCH primitive "generalFSM:fsm|imm[7]" File: /home/u1456456/Desktop/vga/GFlipFlops/CPU/generalFSM.v Line: 77
    Info (13026): Duplicate LATCH primitive "generalFSM:fsm|imm[9]" merged with LATCH primitive "generalFSM:fsm|imm[7]" File: /home/u1456456/Desktop/vga/GFlipFlops/CPU/generalFSM.v Line: 77
    Info (13026): Duplicate LATCH primitive "generalFSM:fsm|imm[8]" merged with LATCH primitive "generalFSM:fsm|imm[7]" File: /home/u1456456/Desktop/vga/GFlipFlops/CPU/generalFSM.v Line: 77
Warning (13024): Output pins are stuck at VCC or GND
    Warning (13410): Pin "hSync" is stuck at GND File: /home/u1456456/Desktop/vga/GFlipFlops/CPU/cpu.v Line: 6
    Warning (13410): Pin "vSync" is stuck at GND File: /home/u1456456/Desktop/vga/GFlipFlops/CPU/cpu.v Line: 6
    Warning (13410): Pin "rgb[0]" is stuck at GND File: /home/u1456456/Desktop/vga/GFlipFlops/CPU/cpu.v Line: 8
    Warning (13410): Pin "rgb[1]" is stuck at GND File: /home/u1456456/Desktop/vga/GFlipFlops/CPU/cpu.v Line: 8
    Warning (13410): Pin "rgb[2]" is stuck at GND File: /home/u1456456/Desktop/vga/GFlipFlops/CPU/cpu.v Line: 8
    Warning (13410): Pin "rgb[3]" is stuck at GND File: /home/u1456456/Desktop/vga/GFlipFlops/CPU/cpu.v Line: 8
    Warning (13410): Pin "rgb[4]" is stuck at GND File: /home/u1456456/Desktop/vga/GFlipFlops/CPU/cpu.v Line: 8
    Warning (13410): Pin "rgb[5]" is stuck at GND File: /home/u1456456/Desktop/vga/GFlipFlops/CPU/cpu.v Line: 8
    Warning (13410): Pin "rgb[6]" is stuck at GND File: /home/u1456456/Desktop/vga/GFlipFlops/CPU/cpu.v Line: 8
    Warning (13410): Pin "rgb[7]" is stuck at GND File: /home/u1456456/Desktop/vga/GFlipFlops/CPU/cpu.v Line: 8
Info (286030): Timing-Driven Synthesis is running
Info (17049): 4 registers lost all their fanouts during netlist optimizations.
Info (144001): Generated suppressed messages file /home/u1456456/Desktop/vga/GFlipFlops/CPU/HardCodedVga.map.smsg
Info (16010): Generating hard_block partition "hard_block:auto_generated_inst"
    Info (16011): Adding 0 node(s), including 0 DDIO, 0 PLL, 0 transceiver and 0 LCELL
Info (21057): Implemented 1356 device resources after synthesis - the final resource count might be different
    Info (21058): Implemented 3 input pins
    Info (21059): Implemented 38 output pins
    Info (21061): Implemented 1186 logic cells
    Info (21064): Implemented 128 RAM segments
    Info (21062): Implemented 1 DSP elements
Info: Quartus Prime Analysis & Synthesis was successful. 0 errors, 65 warnings
    Info: Peak virtual memory: 599 megabytes
    Info: Processing ended: Wed Dec  3 13:42:23 2025
    Info: Elapsed time: 00:02:34
    Info: Total CPU time (on all processors): 00:02:40


+------------------------------------------+
; Analysis & Synthesis Suppressed Messages ;
+------------------------------------------+
The suppressed messages can be found in /home/u1456456/Desktop/vga/GFlipFlops/CPU/HardCodedVga.map.smsg.


